-- Adminer 4.8.1 MySQL 8.0.36-0ubuntu0.22.04.1 dump

SET NAMES utf8;
SET time_zone = '+00:00';
SET foreign_key_checks = 0;
SET sql_mode = 'NO_AUTO_VALUE_ON_ZERO';

SET NAMES utf8mb4;

DROP TABLE IF EXISTS `accounts`;
CREATE TABLE `accounts` (
  `account_id` int NOT NULL AUTO_INCREMENT,
  `account_group` varchar(255) CHARACTER SET utf8mb4 COLLATE utf8mb4_unicode_ci DEFAULT NULL,
  `account_type` varchar(255) CHARACTER SET utf8mb4 COLLATE utf8mb4_unicode_ci DEFAULT NULL,
  `mobile_number` varchar(255) CHARACTER SET utf8mb4 COLLATE utf8mb4_unicode_ci DEFAULT NULL,
  `email` varchar(255) CHARACTER SET utf8mb4 COLLATE utf8mb4_unicode_ci DEFAULT NULL,
  `account_holder_name` varchar(255) CHARACTER SET utf8mb4 COLLATE utf8mb4_unicode_ci DEFAULT NULL,
  `account_login_password` varchar(255) CHARACTER SET utf8mb4 COLLATE utf8mb4_unicode_ci DEFAULT NULL,
  `image` varchar(255) CHARACTER SET utf8mb4 COLLATE utf8mb4_unicode_ci DEFAULT NULL,
  `comment` text CHARACTER SET utf8mb4 COLLATE utf8mb4_unicode_ci,
  `account_status` int DEFAULT NULL,
  `created_at` timestamp NULL DEFAULT CURRENT_TIMESTAMP,
  `updated_at` timestamp NULL DEFAULT CURRENT_TIMESTAMP ON UPDATE CURRENT_TIMESTAMP,
  PRIMARY KEY (`account_id`)
) ENGINE=InnoDB DEFAULT CHARSET=utf8mb4 COLLATE=utf8mb4_unicode_ci;

INSERT INTO `accounts` (`account_id`, `account_group`, `account_type`, `mobile_number`, `email`, `account_holder_name`, `account_login_password`, `image`, `comment`, `account_status`, `created_at`, `updated_at`) VALUES
(18,	'1',	'self',	'7784091362',	'ashutosh.as608@gmail.com',	'Ashutosh Singh',	'As232333@',	'WhatsApp Image 2023-07-01 at 11.20.07 PM.jpeg',	'self ac',	1,	'2023-07-01 17:50:40',	'2023-09-12 16:48:08'),
(19,	'1',	'self',	'7905701415',	'teripgcollage@gmail.com',	'Ashutosh Singh ',	'As232333@',	'WhatsApp Image 2023-07-01 at 11.20.07 PM.jpeg',	'',	1,	'2023-07-01 17:53:23',	'2023-09-12 16:48:08'),
(20,	'1',	'custom',	'9455630051',	'dileep@gmail.com',	'Dileep Chaurasia',	'',	'Screenshot from 2024-04-13 20-15-16.png',	'',	1,	'2023-07-02 06:37:20',	'2024-04-13 14:45:26'),
(21,	'1',	'custom',	'9616574586',	'MEDHA@GMAIL.COM',	'medha',	'',	'Screenshot from 2024-04-13 20-17-12.png',	'',	1,	'2023-07-02 06:46:40',	'2024-04-13 14:47:41'),
(22,	'1',	'custom',	'8922028489',	'akhilesh8922028489@gmail.com',	'Akhilesh airtel fkt',	'',	'Screenshot from 2024-04-14 01-51-09.png',	'',	1,	'2023-07-02 06:50:53',	'2024-04-13 20:23:31'),
(24,	'1',	'custom',	'9455339307',	'test@gmail.com',	'akhilesh singh ',	'',	'Screenshot from 2024-04-14 01-51-09.png',	'papa bsnl',	1,	'2023-07-02 09:54:20',	'2024-04-13 20:24:04'),
(25,	'1',	'custom',	'6386638985',	'test@gmail.com',	'Sahid id',	NULL,	NULL,	'cod',	1,	'2023-07-02 13:34:48',	'2023-09-12 16:48:08'),
(26,	'1',	'self',	'9580233010',	'reetu@gmail.com',	'Reetu ',	'As232333@',	'Screenshot from 2024-04-14 01-22-02.png',	'',	1,	'2023-07-08 09:53:42',	'2024-04-13 20:25:41'),
(28,	'2',	'self',	'7784091362',	'ashutosh2bluethink@gmail.com',	'Ashutosh Singh ',	'As232333@',	'user.jpg',	'',	1,	'2023-07-08 13:44:29',	'2023-09-12 16:48:35'),
(29,	'2',	'self',	'7905701415',	'teripgcollage@gmail.com',	'Ashutosh Singh ',	'As232333@',	'user.jpg',	'',	1,	'2023-07-08 13:45:12',	'2023-09-12 16:48:35'),
(30,	'2',	'self',	'9565760949',	'skhatoon80833@gmail.com',	'Shabana Khatoon',	'As232333@',	'user.jpg',	'',	1,	'2023-07-08 13:45:56',	'2023-09-12 16:48:35'),
(31,	'2',	'self',	'8922028489',	'akhilesh8922028489@gmail.com',	'Akhilesh Singh',	'As232333@',	'Screenshot from 2024-04-14 01-51-09.png',	'',	1,	'2023-07-08 13:46:45',	'2024-04-13 20:38:58'),
(32,	'5',	'custom',	'8318197752',	'test@gmail.com',	'Ghar jio (ashutosh)',	NULL,	NULL,	'',	1,	'2023-07-08 17:09:11',	'2023-09-12 16:49:09'),
(33,	'1',	'custom',	'9667473001',	'test@gmail.com',	'Manoj Ashutosh',	'',	'Screenshot from 2024-04-14 01-19-12.png',	'mama id',	1,	'2023-07-09 08:46:02',	'2024-04-13 19:50:05'),
(34,	'5',	'custom',	'9457734163',	'test@gmail.com',	'SHABANA BSNL',	NULL,	NULL,	'DELEVERY NO 9565760949',	1,	'2023-07-09 09:01:43',	'2023-09-12 16:49:09'),
(35,	'1',	'custom',	'8470981743',	'test@gmail.com',	'Reetu Self mee ',	NULL,	NULL,	'',	1,	'2023-07-09 09:07:37',	'2023-09-12 16:48:08'),
(36,	'5',	'custom',	'8700611032',	'test@gmail.com',	'Santosh sir',	NULL,	NULL,	'',	1,	'2023-07-12 06:24:32',	'2023-09-12 16:49:09'),
(41,	'4',	'custom',	'7784091362',	'test@gmail.com',	'Ashutosh Singh ',	NULL,	NULL,	'Realme Store Account',	1,	'2023-07-13 06:03:57',	'2023-09-12 16:49:36'),
(43,	'1',	'custom',	'8954001002',	'amit@gmail.com',	'Amit Ashutosh',	NULL,	NULL,	'',	1,	'2023-07-15 21:00:37',	'2023-09-12 16:48:08'),
(44,	'1',	'custom',	'+918109432200',	'pandit@gmail.com',	'Pandit Ashutosh',	'As232333@',	'user.jpg',	'',	1,	'2023-07-25 12:31:07',	'2023-09-12 16:48:08'),
(45,	'3',	'self',	'7784091362',	'test@gmail.com',	'Ashutosh Singh ',	NULL,	NULL,	'NA',	1,	'2023-07-26 10:15:06',	'2023-09-12 16:49:54'),
(46,	'1',	'custom',	'8318197752',	'test@gmail.com',	'Roshani Ashutosh jio fkt',	'',	'Screenshot from 2024-04-14 02-20-50.png',	'Ghar Jio',	1,	'2023-08-04 05:05:59',	'2024-04-13 20:51:11'),
(47,	'2',	'custom',	'9580233010',	'reetu@gmail.com',	'Reetu ',	'',	'Screenshot from 2024-04-14 01-22-02.png',	'personal reetu',	1,	'2023-08-04 05:09:02',	'2024-04-13 20:33:07'),
(48,	'2',	'custom',	'9452040805',	'ashutoshbsnl@gmail.com',	'Ashutosh BSNL',	NULL,	NULL,	'NA',	1,	'2023-08-04 06:55:29',	'2023-09-12 16:48:35'),
(49,	'2',	'self',	'8470981743',	'reetu.kushwaha@gmail.com',	'Reetu Self mee ',	'NA',	'images.png',	'Amazon Prime Id date 06/10/2023',	1,	'2023-10-05 20:44:28',	'2023-10-05 20:44:28'),
(50,	'1',	'custom',	'8700611032',	'santosh.bluethink@gmail.com',	'Santosh Bharti',	'',	'user.jpg',	'',	1,	'2023-10-06 04:45:46',	'2023-10-06 04:45:46'),
(51,	'5',	'self',	'9565760949',	'',	'Shabana Khatoon',	'',	'user.jpg',	'',	1,	'2023-10-06 20:15:24',	'2023-10-06 20:15:24'),
(52,	'3',	'self',	'9565760949',	'skhatoon80833@gmail.com',	'Shabana Khatoon',	'',	'user.jpg',	'',	1,	'2023-10-06 20:41:41',	'2023-10-06 20:41:41'),
(53,	'3',	'self',	'7905701415',	'ashutosh.as608@gmail.com',	'Ashutosh Singh ',	'',	'user.jpg',	'',	1,	'2023-10-06 20:50:35',	'2023-10-06 20:50:35'),
(54,	'5',	'self',	'8922028489',	'akhilesh@gmail.com',	'Akhilesh vivo store',	'',	'user.jpg',	'',	1,	'2023-10-07 05:39:23',	'2023-10-07 05:39:23'),
(55,	'5',	'self',	'8470981743',	'',	'Reetu ashutosh vivo',	'',	'user.jpg',	'',	1,	'2023-10-07 05:59:45',	'2023-10-07 05:59:45'),
(56,	'5',	'self',	'9580233010',	'',	'Reetu personal ',	'',	'user.jpg',	'',	1,	'2023-10-07 06:27:47',	'2023-10-07 06:27:47'),
(57,	'1',	'self',	'9452040805',	'ashutoshbsnl@gmail.com',	'Ashutosh bsnl ',	'',	'Screenshot from 2024-04-14 01-51-09.png',	'',	1,	'2023-10-07 07:33:02',	'2024-04-13 20:22:30'),
(58,	'1',	'custom',	'8808659306',	'ramesh@gmail.com',	'Ramesh Flipcart',	'',	'user.jpg',	'',	1,	'2023-10-07 10:17:58',	'2023-10-07 10:17:58'),
(59,	'1',	'custom',	'7007115582',	'ravi@gmail.com',	'ravi flikt',	'Adipisci voluptatem',	'user.jpg',	'',	1,	'2023-10-07 11:51:34',	'2023-10-07 11:51:34'),
(60,	'1',	'self',	'9565760949',	'shabanaflipcaryt.com',	'Shabana fkt',	'',	'user.jpg',	'',	1,	'2023-10-07 17:18:37',	'2023-10-07 17:18:37'),
(61,	'1',	'self',	'9457734163',	'skhatoon80833fkt@gmail.com',	'Shabana Bsnl fkt',	'As232333@',	'user.jpg',	'',	1,	'2023-10-07 19:32:24',	'2023-10-07 19:32:24'),
(62,	'4',	'self',	'7905701415',	'ashutosh.realme@gmail.com',	'Ashutosh Realme store',	'',	'user.jpg',	'',	1,	'2023-10-07 21:09:20',	'2023-10-07 21:09:20'),
(63,	'4',	'self',	'8922028489',	'akhilesh8922028489@gmail.com',	'Akhilesh realme',	'',	'user.jpg',	'',	1,	'2023-10-07 21:17:41',	'2023-10-07 21:17:41'),
(64,	'4',	'self',	'9565760949',	'skhatoon80833relme@gmail.com',	'Shabana realme',	'',	'user.jpg',	'',	1,	'2023-10-07 21:43:53',	'2023-10-07 21:43:53'),
(65,	'2',	'self',	'8700611032',	'santoshamazon@gmail.com',	'Santosh bharti Amazon',	'',	'user.jpg',	'',	1,	'2023-10-09 18:45:57',	'2023-10-09 18:45:57'),
(67,	'2',	'custom',	'8808659306',	'ramesh id',	'Ramesh Amazon',	'',	'user.jpg',	'',	1,	'2023-10-10 17:28:28',	'2023-10-10 17:28:28'),
(68,	'1',	'self',	'9536996964',	'9536996964manoj@gmail.com',	'Manoj mama 2',	'',	'Screenshot from 2024-04-14 01-19-12.png',	'',	1,	'2023-10-10 18:25:20',	'2024-04-13 19:49:48'),
(69,	'6',	'self',	'7784091362',	'ashutosh.as608@gmail.com',	'Ashutosh oneplus',	'',	'user.jpg',	'',	1,	'2023-10-10 19:23:12',	'2023-10-10 19:23:12'),
(70,	'6',	'self',	'7905701415',	'ashutoshoneplus@gmail.com',	'ashutosh oneplue jio',	'',	'user.jpg',	'',	1,	'2023-10-10 19:24:02',	'2023-10-10 19:24:02'),
(71,	'6',	'self',	'9565760949',	'shabanaoneplus@gmail.com',	'Shabana one plus',	'',	'user.jpg',	'',	1,	'2023-10-10 19:24:36',	'2023-10-10 19:24:36'),
(72,	'1',	'custom',	'6394289473',	'rameshjio@gmail.com',	'Remesh jio',	'',	'user.jpg',	'',	1,	'2023-10-12 16:28:39',	'2023-10-12 16:28:39'),
(73,	'1',	'custom',	'95062661154',	'himanshugupta@gmail.com',	'Himanshu gupta',	'',	'user.jpg',	'',	1,	'2023-10-12 16:53:37',	'2023-10-12 16:53:37'),
(74,	'1',	'self',	'9170632729',	'dabbujio@gmail.com',	'Dabbu jio',	'',	'user.jpg',	'',	1,	'2023-10-12 17:16:29',	'2023-10-12 17:16:29'),
(75,	'1',	'custom',	'6391240061',	'mayank@gmail.com',	'Mayank Ashutosh',	'',	'user.jpg',	'',	1,	'2023-10-13 04:19:56',	'2023-10-13 04:19:56'),
(76,	'1',	'self',	'9580930390',	'pratimasister@gmail.com',	'Pratima sister fkt',	'',	'Screenshot from 2024-04-13 20-16-25.png',	'',	1,	'2023-10-13 05:00:51',	'2024-04-13 14:46:33'),
(77,	'1',	'custom',	'7348434152',	'ayush@gmail.com',	'Ayush second',	'',	'user.jpg',	'',	1,	'2023-10-14 09:57:00',	'2023-10-14 09:57:00'),
(78,	'1',	'custom',	'88875 12725',	'ayush1@gmail.com',	'Ayush first',	'',	'user.jpg',	'',	1,	'2023-10-14 10:09:17',	'2023-10-14 10:09:17'),
(79,	'1',	'custom',	'8127917522',	'anand@gmail.com',	'Ashutosh Anand',	'',	'user.jpg',	'',	1,	'2023-10-14 10:44:36',	'2023-10-14 18:25:41'),
(80,	'1',	'custom',	'9670879784',	'nitin@gmail.com',	'Nitin Ashutosh fkt',	'',	'user.jpg',	'',	1,	'2023-10-18 13:55:15',	'2023-10-18 13:55:15'),
(81,	'1',	'custom',	'9696724733',	'gulabsa@gmail.con',	'Gulabsa Ashutosh fkt',	'',	'user.jpg',	'',	1,	'2023-10-21 11:30:26',	'2023-10-21 11:30:26'),
(82,	'1',	'custom',	'8765754349',	'rajukushwaha.@gmail.com',	'Raju kushwaha fkt',	'',	'user.jpg',	'',	1,	'2023-10-21 11:49:28',	'2023-10-21 11:49:28'),
(83,	'1',	'custom',	'8932906049',	'deepakteri@gmail.com',	'deepak fkt',	'',	'user.jpg',	'',	1,	'2023-10-21 12:54:01',	'2023-10-21 12:54:01'),
(84,	'1',	'custom',	'7355156343',	'sasank@gmail.com',	'sasank fkrt',	'',	'user.jpg',	'',	1,	'2023-10-21 13:15:01',	'2023-10-21 13:15:01'),
(86,	'5',	'custom',	'8954001002',	'amit.thakur365@gmail.com',	'Amit Ashutosh Vivo',	'Ashu778409@',	'user.jpg',	'',	1,	'2023-10-26 13:34:08',	'2023-10-26 13:34:08'),
(87,	'1',	'custom',	'9305346723',	'shivam8853259821@gmail.com',	'Shivam fkt',	'admin123',	'user.jpg',	'',	1,	'2023-11-01 19:27:42',	'2023-11-01 19:27:42'),
(88,	'1',	'custom',	'0000000000',	'admin',	'Ramesh order',	'admin123',	'user.jpg',	'',	1,	'2023-11-02 18:11:03',	'2023-11-02 18:11:03'),
(89,	'1',	'custom',	'1111111111',	'admin',	'ramesh order fkr',	'admin123',	'user.jpg',	'',	1,	'2023-11-02 18:24:11',	'2023-11-02 18:24:11'),
(90,	'1',	'self',	'8934092402',	'admin',	'Roshani Ashutosh',	'admin123',	'user.jpg',	'',	1,	'2023-11-05 09:57:46',	'2023-11-05 09:57:46'),
(91,	'1',	'custom',	'6394485 898',	'admin',	'Sudhir fkt',	'admin123',	'Screenshot from 2023-11-05 17-03-46.png',	'',	1,	'2023-11-05 11:33:54',	'2023-11-05 11:33:54'),
(92,	'1',	'custom',	'63079330231',	'admin',	'Prasant fkt',	'admin123',	'user.jpg',	'',	1,	'2023-11-09 04:15:34',	'2023-11-09 04:15:34'),
(93,	'1',	'custom',	'8960583018',	'danishfkt.gmail.com',	'Danish fkt',	'',	'user.jpg',	'',	1,	'2023-11-25 17:35:52',	'2023-11-25 17:35:52'),
(94,	'1',	'custom',	'8707505086',	'medamotheid@gmail.com',	'Medha Mother ID',	'',	'Screenshot from 2024-04-13 20-17-12.png',	'',	1,	'2024-01-18 06:29:03',	'2024-04-13 14:47:25'),
(95,	'1',	'self',	'9235151455',	'akhilesh new jio@gmail.com',	'Akhilesh Singh jio',	'',	'user.jpg',	'',	1,	'2024-02-09 13:24:48',	'2024-02-09 13:24:48'),
(96,	'2',	'custom',	'9667473001',	'manoj@gmail.com',	'Manoj Ashutosh',	'',	'user.jpg',	'',	1,	'2024-02-14 18:40:47',	'2024-02-14 18:40:47'),
(97,	'1',	'custom',	'8756657132',	'ankit@gmail.com',	'Ankit Ashutosh',	'',	'Screenshot from 2024-04-13 20-13-55.png',	'',	1,	'2024-04-03 09:19:50',	'2024-04-13 14:44:09'),
(98,	'1',	'custom',	'9340245713',	'sg183611@gmail.com',	'Ashutosh Pandit',	'00000',	'Screenshot from 2024-04-13 19-53-47.png',	'',	1,	'2024-04-13 14:24:02',	'2024-04-13 14:24:02'),
(99,	'5',	'self',	'7784091362',	'teripgcollage@gmail.com',	'Ashutosh Singh ',	'',	'user.jpg',	'',	1,	'2024-04-24 06:46:25',	'2024-04-24 06:46:25'),
(100,	'5',	'self',	'ashutosh2bluethink@gmail.com',	'ashutosh2bluethink@gmail.com',	'Ashutosh Singh ',	'',	'user.jpg',	'',	1,	'2024-04-24 06:50:41',	'2024-04-24 06:50:41'),
(101,	'5',	'self',	'amrendrasingh.bt1@gmail.com',	'amrendrasingh.bt1@gmail.com',	'Ashutosh Singh ',	'',	'user.jpg',	'7905701415 DEL NO',	1,	'2024-04-24 07:14:16',	'2024-04-24 07:14:16'),
(102,	'5',	'self',	'akhilesh8922028489@gmail.com',	'akhilesh8922028489@gmail.com',	'Ashutosh ',	'',	'user.jpg',	'',	1,	'2024-04-24 07:43:56',	'2024-04-24 07:43:56'),
(103,	'11',	'self',	'7905701415',	'test@gmail.com',	'Ashutosh Singh ',	'',	'logo.220b3f2b2b36c60c6e66fe632c34b799.svg',	'',	1,	'2024-04-24 11:09:45',	'2024-04-24 11:09:45');

DROP TABLE IF EXISTS `bank_name`;
CREATE TABLE `bank_name` (
  `bank_id` int NOT NULL AUTO_INCREMENT,
  `bank_name` varchar(255) CHARACTER SET utf8mb4 COLLATE utf8mb4_unicode_ci NOT NULL,
  `bank_img` varchar(255) CHARACTER SET utf8mb4 COLLATE utf8mb4_unicode_ci DEFAULT NULL,
  `bank_status` int NOT NULL,
  `created_at` timestamp NULL DEFAULT CURRENT_TIMESTAMP,
  `updated_at` timestamp NULL DEFAULT CURRENT_TIMESTAMP ON UPDATE CURRENT_TIMESTAMP,
  PRIMARY KEY (`bank_id`)
) ENGINE=InnoDB DEFAULT CHARSET=utf8mb4 COLLATE=utf8mb4_unicode_ci;

INSERT INTO `bank_name` (`bank_id`, `bank_name`, `bank_img`, `bank_status`, `created_at`, `updated_at`) VALUES
(1,	'ICICI Bank',	'icici_logo.png',	1,	'2023-09-17 17:13:03',	'2023-09-17 17:13:03'),
(2,	'Axis Bank ',	'AXIS-BANK-logo.png',	1,	'2023-09-17 17:14:31',	'2023-09-17 17:14:31'),
(3,	'State Bank of India',	'SBI-logo.svg.png',	1,	'2023-09-17 17:18:38',	'2023-10-24 06:23:27'),
(4,	'HDFC Bank',	'hdfc-logo.png',	1,	'2023-09-17 17:22:44',	'2023-09-17 17:22:44');

DROP TABLE IF EXISTS `order_status`;
CREATE TABLE `order_status` (
  `status_id` int NOT NULL AUTO_INCREMENT,
  `order_status_label` varchar(50) CHARACTER SET utf8mb4 COLLATE utf8mb4_unicode_ci DEFAULT NULL,
  `order_status` int DEFAULT NULL,
  `order_status_img` varchar(100) CHARACTER SET utf8mb4 COLLATE utf8mb4_unicode_ci DEFAULT NULL,
  `created_at` timestamp NULL DEFAULT CURRENT_TIMESTAMP,
  `updated_at` timestamp NULL DEFAULT CURRENT_TIMESTAMP ON UPDATE CURRENT_TIMESTAMP,
  PRIMARY KEY (`status_id`)
) ENGINE=InnoDB DEFAULT CHARSET=utf8mb4 COLLATE=utf8mb4_unicode_ci;

INSERT INTO `order_status` (`status_id`, `order_status_label`, `order_status`, `order_status_img`, `created_at`, `updated_at`) VALUES
(1,	'Processed',	1,	'3281345-removebg-preview.png',	'2023-09-16 08:43:02',	'2023-09-19 19:49:36'),
(2,	'Delivered',	1,	'download.jpeg',	'2023-09-16 08:43:02',	'2023-09-16 18:07:11'),
(3,	'Cancelled',	1,	'cancled.jpeg',	'2023-09-16 08:43:02',	'2023-09-16 18:08:16');

DROP TABLE IF EXISTS `orders`;
CREATE TABLE `orders` (
  `orderId` int NOT NULL AUTO_INCREMENT,
  `account_id` int NOT NULL,
  `card_id` int NOT NULL,
  `product_id` int NOT NULL,
  `order_no` varchar(50) CHARACTER SET utf8mb4 COLLATE utf8mb4_unicode_ci NOT NULL,
  `color` varchar(50) CHARACTER SET utf8mb4 COLLATE utf8mb4_unicode_ci DEFAULT NULL,
  `varient` varchar(50) CHARACTER SET utf8mb4 COLLATE utf8mb4_unicode_ci DEFAULT NULL,
  `order_status` int DEFAULT NULL,
  `order_price` int DEFAULT NULL,
  `created_at` timestamp NOT NULL DEFAULT CURRENT_TIMESTAMP,
  `updated_at` timestamp NOT NULL DEFAULT CURRENT_TIMESTAMP ON UPDATE CURRENT_TIMESTAMP,
  `order_location` varchar(200) CHARACTER SET utf8mb4 COLLATE utf8mb4_unicode_ci DEFAULT NULL,
  `service_charge` int DEFAULT NULL,
  `vendor_id` int DEFAULT NULL,
  `order_create_comment` varchar(255) CHARACTER SET utf8mb4 COLLATE utf8mb4_unicode_ci DEFAULT NULL,
  `expected_delivery_date` date DEFAULT NULL,
  PRIMARY KEY (`orderId`),
  KEY `account_id` (`account_id`),
  KEY `card_id` (`card_id`),
  KEY `product_id` (`product_id`),
  CONSTRAINT `orders_ibfk_1` FOREIGN KEY (`account_id`) REFERENCES `accounts` (`account_id`),
  CONSTRAINT `orders_ibfk_2` FOREIGN KEY (`card_id`) REFERENCES `payments` (`card_id`),
  CONSTRAINT `orders_ibfk_3` FOREIGN KEY (`product_id`) REFERENCES `products` (`product_id`)
) ENGINE=InnoDB DEFAULT CHARSET=utf8mb4 COLLATE=utf8mb4_unicode_ci;

INSERT INTO `orders` (`orderId`, `account_id`, `card_id`, `product_id`, `order_no`, `color`, `varient`, `order_status`, `order_price`, `created_at`, `updated_at`, `order_location`, `service_charge`, `vendor_id`, `order_create_comment`, `expected_delivery_date`) VALUES
(54,	29,	19,	5,	'403-5186402-1657153',	'blue',	'6/128',	2,	11749,	'2023-10-04 14:22:19',	'2023-10-07 17:00:00',	NULL,	350,	NULL,	NULL,	NULL),
(61,	49,	32,	5,	'171-2219519-6673923',	'blue',	'6/128',	2,	11774,	'2023-10-05 19:16:12',	'2023-10-08 04:21:41',	NULL,	350,	NULL,	NULL,	NULL),
(63,	19,	56,	9,	'od329342054659835100',	'blue',	'8/128',	2,	7464,	'2023-10-06 02:46:09',	'2023-10-07 07:17:05',	NULL,	350,	NULL,	NULL,	NULL),
(64,	19,	38,	9,	'OD329342132724025100',	'blue',	'8/128',	2,	7464,	'2023-10-06 02:54:11',	'2023-10-07 07:17:05',	NULL,	350,	NULL,	NULL,	NULL),
(65,	50,	57,	9,	'My Orders  OD429342211894137100',	'black',	'8/128',	2,	7437,	'2023-10-06 03:17:14',	'2023-10-09 04:49:49',	NULL,	350,	NULL,	NULL,	NULL),
(66,	50,	43,	9,	'OD429342299177119100',	'blue',	'8/128',	2,	7437,	'2023-10-06 03:22:14',	'2023-10-09 04:49:49',	NULL,	350,	NULL,	NULL,	NULL),
(67,	29,	58,	4,	'403-5822715-4123561',	'green',	'8/128',	2,	17500,	'2023-10-06 16:47:21',	'2023-10-08 04:15:51',	NULL,	350,	NULL,	NULL,	NULL),
(68,	29,	23,	4,	'403-1081674-8324355',	'black',	'8/128',	2,	18000,	'2023-10-06 16:49:22',	'2023-10-08 04:09:37',	NULL,	350,	NULL,	NULL,	NULL),
(69,	28,	51,	4,	'404-0172100-9451575',	'green',	'8/128',	2,	17500,	'2023-10-06 16:51:39',	'2023-10-08 04:18:43',	NULL,	350,	NULL,	NULL,	NULL),
(70,	28,	29,	4,	'404-4830680-0791502',	'black',	'8/128',	2,	17500,	'2023-10-06 16:52:35',	'2023-10-09 18:42:08',	NULL,	350,	NULL,	NULL,	NULL),
(71,	30,	19,	10,	'403-8238769-5367512',	'blue',	'4/128',	2,	10348,	'2023-10-06 18:21:18',	'2023-10-09 14:31:37',	NULL,	350,	NULL,	NULL,	NULL),
(72,	30,	32,	10,	'403-7648643-5955523',	'blue',	'6/128',	2,	11749,	'2023-10-06 18:22:50',	'2023-10-09 14:30:02',	NULL,	350,	NULL,	NULL,	NULL),
(73,	31,	29,	10,	'407-3271741-6357945',	'green',	'4/128',	3,	10349,	'2023-10-06 18:27:08',	'2023-10-09 18:49:18',	NULL,	350,	NULL,	NULL,	NULL),
(74,	30,	29,	4,	'403-2236069-9386760',	'green',	'8/128',	2,	17500,	'2023-10-06 18:31:40',	'2023-10-09 14:28:56',	NULL,	350,	NULL,	NULL,	NULL),
(75,	51,	40,	2,	'23100701410941171000',	'blue',	'6/128',	3,	12000,	'2023-10-06 18:47:57',	'2023-10-30 17:39:38',	NULL,	350,	NULL,	NULL,	NULL),
(76,	51,	40,	2,	'23100701434612571000',	'black',	'6/128',	3,	12000,	'2023-10-06 18:49:53',	'2023-10-30 17:39:38',	NULL,	350,	NULL,	NULL,	NULL),
(77,	52,	42,	10,	'5231007911623166',	'blue',	'4/128',	2,	10349,	'2023-10-06 19:13:22',	'2023-10-11 16:00:30',	NULL,	350,	NULL,	NULL,	NULL),
(78,	45,	59,	10,	'5231007911860567',	'blue',	'4/128',	2,	10349,	'2023-10-06 19:18:37',	'2023-10-11 15:59:59',	NULL,	350,	NULL,	NULL,	NULL),
(79,	53,	60,	10,	'5231007925000433',	'blue',	'4/128',	2,	10349,	'2023-10-06 19:25:03',	'2023-10-11 16:04:37',	NULL,	350,	NULL,	NULL,	NULL),
(80,	53,	26,	10,	'5231007911992744',	'black',	'4/128',	2,	10349,	'2023-10-06 19:30:36',	'2023-10-11 16:05:09',	NULL,	350,	NULL,	NULL,	NULL),
(81,	53,	53,	10,	'5231007925001870',	'black',	'6/128',	2,	11749,	'2023-10-06 20:01:41',	'2023-10-11 16:06:05',	NULL,	350,	NULL,	NULL,	NULL),
(82,	45,	61,	10,	'5231007925002057',	'black',	'6/128',	2,	11749,	'2023-10-06 20:06:23',	'2023-10-11 16:01:36',	NULL,	350,	NULL,	NULL,	NULL),
(83,	54,	53,	2,	'23100711040202214000',	'blue',	'6/128',	3,	12000,	'2023-10-07 04:10:51',	'2023-10-20 09:36:53',	NULL,	350,	NULL,	NULL,	NULL),
(84,	55,	53,	2,	'23100711271935261243',	'black',	'4/128',	3,	11000,	'2023-10-07 04:30:20',	'2023-10-20 09:34:44',	NULL,	350,	NULL,	NULL,	NULL),
(85,	55,	45,	2,	'23100711310134061243',	'blue',	'4/128',	3,	11000,	'2023-10-07 04:34:36',	'2023-10-20 09:34:44',	NULL,	350,	NULL,	NULL,	NULL),
(86,	56,	18,	2,	'23100711542780219543',	'blue',	'8/128',	3,	140000,	'2023-10-07 04:58:19',	'2023-10-17 07:03:46',	NULL,	350,	NULL,	NULL,	NULL),
(87,	56,	19,	2,	'23100712000220619543',	'blue',	'8/128',	3,	14000,	'2023-10-07 05:04:24',	'2023-10-30 17:41:24',	NULL,	350,	NULL,	NULL,	NULL),
(88,	29,	63,	10,	'403-3781226-0771504',	'blue',	'4/128',	2,	10348,	'2023-10-07 05:14:34',	'2023-10-09 02:36:37',	NULL,	350,	NULL,	NULL,	NULL),
(89,	28,	51,	10,	' 403-3797492-6373166',	'blue',	'4/128',	2,	10349,	'2023-10-07 05:31:26',	'2023-10-10 03:50:12',	NULL,	350,	NULL,	NULL,	NULL),
(90,	19,	26,	2,	'OD329347324334361100PIN (696877)',	'gold',	'4/128',	2,	11048,	'2023-10-07 05:55:51',	'2023-10-09 03:46:50',	NULL,	350,	NULL,	NULL,	NULL),
(91,	26,	40,	2,	'OD32934732431358100/PIN 099824',	'blue',	'6/128',	2,	12048,	'2023-10-07 05:59:03',	'2023-10-09 03:50:29',	NULL,	350,	NULL,	NULL,	NULL),
(92,	57,	59,	2,	'OD429347389820694100/PIN 076397',	'blue',	'6/128',	2,	12000,	'2023-10-07 06:05:19',	'2023-10-10 03:19:23',	NULL,	350,	NULL,	NULL,	NULL),
(93,	35,	16,	2,	'OD329347364837217100/PIN856107',	'blue',	'6/128',	2,	11999,	'2023-10-07 06:28:34',	'2023-10-08 17:00:00',	NULL,	350,	NULL,	NULL,	NULL),
(94,	22,	39,	2,	'OD329347436482061100/PIN 175018 PNC',	'blue',	'6/128',	2,	12048,	'2023-10-07 07:01:17',	'2023-10-09 03:53:42',	NULL,	350,	NULL,	NULL,	NULL),
(95,	21,	46,	2,	'OD32934706087496100/pin 227785',	'gold',	'6/128',	2,	12048,	'2023-10-07 07:49:01',	'2023-10-10 02:58:48',	NULL,	350,	NULL,	NULL,	NULL),
(96,	24,	43,	2,	'OD429347392366494100/PIN722374',	'black',	'6/128',	2,	12548,	'2023-10-07 08:02:14',	'2023-10-15 14:47:11',	NULL,	350,	NULL,	NULL,	NULL),
(97,	58,	64,	2,	'OD329352772622100100',	'blue',	'6/128',	2,	12097,	'2023-10-07 08:58:48',	'2023-10-11 14:57:48',	NULL,	350,	NULL,	NULL,	NULL),
(98,	25,	56,	2,	'sahid',	'black',	'6/128',	2,	12549,	'2023-10-07 09:01:23',	'2023-10-12 04:23:28',	NULL,	350,	NULL,	NULL,	NULL),
(99,	49,	58,	10,	'171-3932427-7752348',	'blue',	'4/128',	2,	10348,	'2023-10-07 09:50:34',	'2023-10-09 03:20:20',	NULL,	350,	NULL,	NULL,	NULL),
(100,	50,	57,	2,	'OD429353306214566100',	'blue',	'6/128',	2,	12548,	'2023-10-07 10:02:07',	'2023-10-12 04:28:21',	NULL,	350,	NULL,	NULL,	NULL),
(101,	18,	47,	2,	'OD329353372885805100',	'black',	'6/128',	2,	12597,	'2023-10-07 10:08:00',	'2023-10-11 07:39:07',	NULL,	350,	NULL,	NULL,	NULL),
(102,	59,	39,	9,	'OD429353454618028100',	'blue',	'8/128',	2,	7393,	'2023-10-06 17:00:00',	'2023-10-20 09:34:56',	NULL,	350,	NULL,	NULL,	NULL),
(103,	59,	65,	2,	'OD429354754479257100',	'blue',	'6/128',	2,	11097,	'2023-10-07 14:18:33',	'2023-10-09 17:00:00',	NULL,	350,	NULL,	NULL,	NULL),
(104,	60,	26,	2,	'order is conform payment not remind Pin(310704)',	'blue',	'6/128',	2,	12048,	'2023-10-07 15:53:07',	'2023-10-10 03:14:08',	NULL,	350,	NULL,	NULL,	NULL),
(105,	31,	19,	5,	'407-1186398-0561130',	'blue',	'6/128',	2,	11750,	'2023-10-07 17:22:16',	'2023-10-11 05:02:41',	NULL,	350,	NULL,	NULL,	NULL),
(106,	31,	29,	7,	'407-0558907-6708313',	'black',	'6/128',	2,	11499,	'2023-10-07 17:35:03',	'2023-10-10 03:47:24',	NULL,	350,	NULL,	NULL,	NULL),
(107,	61,	38,	8,	'OD329356221809386100',	'blue',	'6/128',	2,	12597,	'2023-10-07 18:08:18',	'2023-10-11 07:43:22',	NULL,	350,	NULL,	NULL,	NULL),
(110,	63,	26,	7,	'167958520632198144',	'blue',	'6/128',	2,	11999,	'2023-10-07 19:50:10',	'2023-10-15 14:37:26',	NULL,	350,	NULL,	NULL,	NULL),
(111,	63,	18,	7,	'167958590370501632',	'blue',	'6/128',	2,	11500,	'2023-10-07 19:51:12',	'2023-10-15 14:37:26',	NULL,	350,	NULL,	NULL,	NULL),
(112,	41,	18,	7,	'167958690980840448',	'green',	'4/128',	2,	10800,	'2023-10-07 19:57:29',	'2023-10-13 05:15:38',	NULL,	350,	NULL,	NULL,	NULL),
(113,	41,	56,	8,	'167958703772947456',	'blue',	'6/128',	2,	11999,	'2023-10-07 20:00:59',	'2023-10-12 17:00:00',	NULL,	350,	NULL,	NULL,	NULL),
(114,	41,	56,	7,	'16795876327399360',	'blue',	'4/128',	2,	10800,	'2023-10-07 20:12:54',	'2023-10-13 05:13:02',	NULL,	350,	NULL,	NULL,	NULL),
(115,	64,	45,	8,	'167958781292598272',	'blue',	'6/128',	2,	11999,	'2023-10-07 20:14:57',	'2023-10-12 17:00:00',	NULL,	350,	NULL,	NULL,	NULL),
(116,	49,	66,	4,	'171-1699822-1588319',	'blue',	'8/128',	2,	17500,	'2023-10-08 03:57:45',	'2023-10-08 17:00:00',	NULL,	350,	NULL,	NULL,	NULL),
(117,	30,	66,	10,	'403-1645540-4316323',	'blue',	'4/128',	2,	10800,	'2023-10-08 04:08:05',	'2023-10-12 03:56:22',	NULL,	350,	NULL,	NULL,	NULL),
(118,	48,	63,	11,	'403-9532252-3227516',	'blue',	'6/128',	2,	14500,	'2023-10-08 06:50:31',	'2023-10-12 04:03:47',	NULL,	350,	NULL,	NULL,	NULL),
(119,	28,	52,	5,	'403-7324773-3855558',	'blue',	'6/128',	2,	11750,	'2023-10-08 07:00:50',	'2023-10-12 03:48:09',	NULL,	350,	NULL,	NULL,	NULL),
(120,	49,	32,	11,	'171-4858716-5074723',	'blue',	'6/128',	2,	14500,	'2023-10-08 07:17:45',	'2023-10-11 07:03:16',	NULL,	350,	NULL,	NULL,	NULL),
(121,	61,	67,	2,	'OD329361881940883100',	'blue',	'6/128',	2,	12097,	'2023-10-08 09:57:54',	'2023-10-12 04:25:27',	NULL,	350,	NULL,	NULL,	NULL),
(122,	45,	67,	10,	'5231008926264661',	'blue',	'4/128',	2,	10850,	'2023-10-08 10:00:05',	'2023-10-12 16:55:40',	NULL,	350,	NULL,	NULL,	NULL),
(123,	48,	51,	4,	'403-4600694-8898178',	'blue',	'8/128',	2,	17499,	'2023-10-08 12:11:12',	'2023-10-17 08:51:18',	NULL,	350,	NULL,	NULL,	NULL),
(124,	19,	38,	9,	'OD329364450036676100',	'blue',	'4/128',	2,	6228,	'2023-10-09 02:17:58',	'2023-10-13 03:49:40',	NULL,	350,	NULL,	NULL,	NULL),
(125,	29,	19,	7,	'403-8576041-5671514',	'blue',	'6/128',	2,	11500,	'2023-10-09 02:19:37',	'2023-10-11 15:49:37',	NULL,	350,	NULL,	NULL,	NULL),
(126,	41,	18,	7,	'16797648239985664',	'blue',	'6/128',	2,	11749,	'2023-10-09 09:29:38',	'2023-10-18 15:59:40',	NULL,	350,	NULL,	NULL,	NULL),
(127,	62,	18,	7,	'16976432496034816',	'green',	'6/128',	2,	11749,	'2023-10-09 09:32:46',	'2023-10-18 15:59:40',	NULL,	350,	NULL,	NULL,	NULL),
(128,	62,	18,	7,	'167976459632923648',	'blue',	'6/128',	2,	11749,	'2023-10-09 09:38:34',	'2023-10-18 17:00:00',	NULL,	350,	NULL,	NULL,	NULL),
(129,	49,	29,	4,	'171-5124686-2695539',	'black',	'8/128',	2,	18000,	'2023-10-09 09:55:19',	'2023-10-11 07:02:36',	NULL,	350,	NULL,	NULL,	NULL),
(130,	30,	51,	4,	'403-9883336-0281906',	'black',	'8/128',	2,	179999,	'2023-10-09 14:43:05',	'2023-10-12 03:55:01',	NULL,	350,	NULL,	NULL,	NULL),
(131,	28,	63,	4,	'403-1770417-6682765',	'black',	'8/128',	2,	18000,	'2023-10-09 15:10:41',	'2023-10-12 17:00:00',	NULL,	350,	NULL,	NULL,	NULL),
(132,	41,	42,	12,	'167979711820874752',	'black',	'8/128',	2,	15500,	'2023-10-09 16:46:21',	'2023-10-14 10:30:24',	NULL,	350,	NULL,	NULL,	NULL),
(133,	65,	19,	4,	'403-2051875-6926749',	'black',	'8/128',	2,	18000,	'2023-10-09 17:17:37',	'2023-10-12 03:58:39',	NULL,	350,	NULL,	NULL,	NULL),
(134,	26,	43,	14,	'OD429373299864832100',	'blue',	'4/128',	2,	5965,	'2023-10-09 17:39:13',	'2023-10-15 06:00:56',	NULL,	350,	NULL,	NULL,	NULL),
(135,	60,	47,	14,	'OD329373319030845100',	'blue',	'4/128',	2,	5965,	'2023-10-09 17:40:48',	'2023-10-15 06:03:59',	NULL,	350,	NULL,	NULL,	NULL),
(136,	19,	56,	14,	'OD329373276544065100',	'blue',	'4/128',	2,	5775,	'2023-10-09 17:45:13',	'2023-10-15 06:02:28',	NULL,	350,	NULL,	NULL,	NULL),
(137,	24,	40,	14,	'OD429373547388032100',	'blue',	'4/128',	2,	5885,	'2023-10-09 18:10:46',	'2023-10-13 03:48:16',	NULL,	350,	NULL,	NULL,	NULL),
(138,	21,	59,	14,	'OD329373588876959100',	'black',	'4/128',	2,	5885,	'2023-10-09 18:15:52',	'2023-10-13 03:46:57',	NULL,	350,	NULL,	NULL,	NULL),
(139,	19,	26,	15,	'OD329373697603735100',	'blue',	'4/128',	2,	10098,	'2023-10-09 18:39:46',	'2023-10-12 04:22:11',	NULL,	350,	NULL,	NULL,	NULL),
(140,	43,	16,	2,	'OD429379359810648100',	'blue',	'6/128',	2,	12097,	'2023-10-10 10:18:09',	'2023-10-14 07:06:20',	NULL,	350,	NULL,	NULL,	NULL),
(141,	43,	46,	15,	'OD429379389164995100',	'blue',	'6/128',	2,	11097,	'2023-10-10 10:23:23',	'2023-10-15 06:06:46',	NULL,	350,	NULL,	NULL,	NULL),
(142,	41,	56,	8,	'167988251089847296',	'blue',	'6/128',	2,	12000,	'2023-10-10 10:40:07',	'2023-10-16 17:00:00',	NULL,	350,	NULL,	NULL,	NULL),
(143,	33,	53,	2,	'OD329381146153370100',	'black',	'6/128',	2,	12097,	'2023-10-10 15:17:28',	'2023-10-14 07:12:48',	NULL,	350,	NULL,	NULL,	NULL),
(144,	33,	68,	15,	'OD329381187199934100',	'green',	'6/128',	2,	11097,	'2023-10-10 15:25:24',	'2023-10-15 06:14:21',	NULL,	350,	NULL,	NULL,	NULL),
(145,	48,	51,	10,	'408-9372931-7705906',	'blue',	'4/128',	2,	10799,	'2023-10-10 15:57:02',	'2023-10-14 05:06:54',	NULL,	350,	NULL,	NULL,	NULL),
(146,	67,	63,	10,	'404-4458799-4430709',	'blue',	'4/128',	2,	10799,	'2023-10-10 16:00:47',	'2023-10-14 10:33:54',	NULL,	350,	NULL,	NULL,	NULL),
(147,	65,	29,	10,	'403-4114521-6097102',	'blue',	'4/128',	2,	10799,	'2023-10-10 16:41:20',	'2023-10-14 10:35:04',	NULL,	350,	NULL,	NULL,	NULL),
(148,	28,	32,	10,	'406-8374109-5171550',	'blue',	'4/128',	2,	10799,	'2023-10-10 16:42:35',	'2023-10-14 10:35:04',	NULL,	350,	NULL,	NULL,	NULL),
(149,	50,	57,	14,	'OD429381695287888100',	'blue',	'4/128',	2,	5938,	'2023-10-10 16:49:23',	'2023-10-16 04:38:24',	NULL,	350,	NULL,	NULL,	NULL),
(150,	68,	61,	14,	'OD329381743405047100',	'blue',	'4/128',	2,	5885,	'2023-10-10 16:56:32',	'2023-10-16 12:34:08',	NULL,	350,	NULL,	NULL,	NULL),
(151,	33,	60,	14,	'OD329381789927064100',	'blue',	'4/128',	2,	5885,	'2023-10-10 17:02:45',	'2023-10-15 06:15:39',	NULL,	350,	NULL,	NULL,	NULL),
(152,	69,	53,	4,	'M112310106362011388',	'green',	'8/128',	2,	18000,	'2023-10-10 17:56:47',	'2023-10-14 05:49:04',	NULL,	350,	NULL,	NULL,	NULL),
(153,	70,	42,	4,	'M112310106360011579',	'green',	'8/128',	2,	18000,	'2023-10-10 17:57:58',	'2023-10-14 05:49:04',	NULL,	350,	NULL,	NULL,	NULL),
(154,	71,	69,	4,	'M112310106361011409',	'green',	'8/128',	2,	18000,	'2023-10-10 17:59:57',	'2023-10-14 05:49:04',	NULL,	350,	NULL,	NULL,	NULL),
(155,	18,	25,	14,	'OD32930779816139100',	'blue',	'4/128',	2,	5785,	'2023-10-11 18:05:30',	'2023-10-14 07:14:51',	NULL,	350,	NULL,	NULL,	NULL),
(156,	72,	42,	2,	'OD329398276762243100',	'blue',	'6/128',	2,	12100,	'2023-10-12 15:00:31',	'2023-10-20 04:31:02',	NULL,	350,	NULL,	NULL,	NULL),
(157,	44,	67,	2,	'OD429398099754844100',	'blue',	'6/128',	2,	12100,	'2023-10-12 15:02:14',	'2023-10-20 09:34:56',	NULL,	350,	NULL,	NULL,	NULL),
(158,	73,	41,	2,	'OD329398474534321100',	'gold',	'6/128',	2,	12099,	'2023-10-11 17:00:00',	'2023-10-20 04:28:42',	NULL,	350,	NULL,	NULL,	NULL),
(159,	74,	70,	2,	'OD42939859373587',	'blue',	'6/128',	2,	12100,	'2023-10-11 17:00:00',	'2023-10-17 08:53:20',	NULL,	350,	NULL,	NULL,	NULL),
(160,	28,	40,	16,	'406-7293776-0385931',	'blue',	'4/128',	2,	10500,	'2023-10-12 19:57:07',	'2023-10-15 11:32:41',	NULL,	350,	NULL,	NULL,	NULL),
(161,	24,	45,	15,	'OD42940015505546100',	'black',	'6/128',	2,	11048,	'2023-10-12 20:04:09',	'2023-10-15 06:02:59',	NULL,	350,	NULL,	NULL,	NULL),
(162,	22,	45,	15,	'OD329400212132108100',	'blue',	'6/128',	2,	11049,	'2023-10-12 20:14:38',	'2023-10-16 12:34:43',	NULL,	350,	NULL,	NULL,	NULL),
(163,	75,	26,	2,	'OD32940256482180100',	'gold',	'6/128',	2,	12097,	'2023-10-13 02:52:31',	'2023-10-17 08:53:20',	NULL,	350,	NULL,	NULL,	NULL),
(164,	21,	40,	2,	'OD329402716071120100',	'blue',	'6/128',	2,	12097,	'2023-10-13 03:28:59',	'2023-10-17 08:53:20',	NULL,	350,	NULL,	NULL,	NULL),
(165,	76,	59,	2,	'OD329402744139918100',	'gold',	'6/128',	2,	12047,	'2023-10-13 03:33:15',	'2023-10-16 12:33:55',	NULL,	350,	NULL,	NULL,	NULL),
(166,	75,	16,	17,	'OD329404414303910100',	'blue',	'8/128',	2,	23107,	'2023-10-14 05:18:45',	'2023-10-17 08:53:20',	NULL,	350,	NULL,	NULL,	NULL),
(167,	28,	19,	18,	'403-9288405-2261924',	'blue',	'8/128',	3,	31549,	'2023-10-14 05:56:51',	'2023-10-14 07:17:34',	NULL,	350,	NULL,	NULL,	NULL),
(168,	20,	56,	2,	'OD329413187198230100',	'blue',	'8/128',	2,	14472,	'2023-10-14 08:25:42',	'2023-10-16 12:39:37',	NULL,	350,	NULL,	NULL,	NULL),
(169,	77,	47,	2,	'OD329413167284171100',	'blue',	'8/128',	2,	14472,	'2023-10-14 08:27:48',	'2023-10-17 08:53:20',	NULL,	350,	NULL,	NULL,	NULL),
(170,	78,	46,	2,	'OD329413101006112100',	'blue',	'8/128',	2,	14000,	'2023-10-14 08:40:45',	'2023-10-17 08:53:20',	NULL,	350,	NULL,	NULL,	NULL),
(171,	79,	43,	2,	'OD329413487945520100',	'black',	'8/128',	2,	14472,	'2023-10-13 17:00:00',	'2023-10-16 12:34:26',	NULL,	350,	NULL,	NULL,	NULL),
(173,	19,	16,	17,	'23071211365997510866s',	'blue',	'6/128',	3,	867,	'2023-10-14 13:43:49',	'2023-10-15 12:33:09',	'hfdsjfhdsjk',	350,	NULL,	NULL,	NULL),
(174,	80,	39,	2,	'OD429405031127600100',	'blue',	'4/128',	2,	11098,	'2023-10-12 17:00:00',	'2023-10-18 12:35:06',	'',	350,	NULL,	NULL,	NULL),
(175,	81,	40,	2,	'OD429474250662272100',	'blue',	'6/128',	2,	12347,	'2023-10-21 10:02:00',	'2023-10-24 04:51:46',	'gulabsa',	350,	NULL,	NULL,	NULL),
(176,	82,	53,	2,	'OD429474389596577100',	'gold',	'6/128',	2,	12249,	'2023-10-21 10:20:46',	'2023-10-27 08:39:43',	'',	350,	NULL,	NULL,	NULL),
(177,	83,	65,	2,	'OD429474778219711100',	'blue',	'6/128',	2,	12249,	'2023-10-21 11:25:28',	'2023-10-24 04:51:46',	'',	350,	NULL,	NULL,	NULL),
(178,	84,	59,	2,	'OD329474900424025100',	'blue',	'6/128',	2,	12347,	'2023-10-21 11:46:40',	'2023-10-24 04:51:46',	'Addres alter no 6391240061',	350,	NULL,	NULL,	NULL),
(179,	86,	39,	2,	'23102618595755097032',	'gold',	'6/128',	3,	12500,	'2023-10-26 12:05:14',	'2023-11-01 05:05:06',	'',	350,	NULL,	NULL,	NULL),
(180,	43,	19,	17,	'OD429524421556796100',	'gold',	'8/128',	2,	23107,	'2023-10-27 05:15:30',	'2023-10-30 04:21:51',	'256 Gb',	350,	NULL,	NULL,	NULL),
(181,	29,	26,	4,	'405-7247240-2657134',	'green',	'8/128',	2,	18498,	'2023-10-31 16:35:30',	'2023-11-03 14:51:30',	'',	350,	NULL,	NULL,	NULL),
(182,	65,	60,	4,	'403-8448559-5994736',	'black',	'8/256',	2,	20499,	'2023-10-31 16:39:01',	'2023-11-05 06:33:20',	'',	350,	NULL,	NULL,	NULL),
(183,	31,	42,	4,	'407-6348755-8383513',	'green',	'8/128',	2,	18498,	'2023-10-31 16:43:14',	'2023-11-03 14:51:30',	'',	350,	NULL,	NULL,	NULL),
(184,	49,	59,	4,	'171-2593510-7750756',	'green',	'8/128',	2,	18498,	'2023-10-31 16:50:04',	'2023-11-03 14:51:30',	'',	350,	NULL,	NULL,	NULL),
(185,	30,	26,	10,	'404-9479717-1099559',	'blue',	'4/128',	2,	10999,	'2023-11-01 04:56:08',	'2023-11-05 06:33:20',	'',	350,	NULL,	NULL,	NULL),
(186,	28,	60,	10,	'405-7536150-1240346',	'black',	'4/128',	2,	10999,	'2023-11-01 05:00:33',	'2023-11-03 14:51:30',	'',	350,	NULL,	NULL,	NULL),
(187,	87,	29,	2,	'OD329572164078023100',	'blue',	'4/128',	2,	11097,	'2023-11-01 17:59:37',	'2023-11-03 14:51:30',	'',	350,	NULL,	NULL,	NULL),
(188,	88,	19,	2,	'OD429574334935150100',	'blue',	'4/128',	2,	11097,	'2023-11-02 16:43:22',	'2023-11-05 06:33:07',	'',	350,	NULL,	NULL,	NULL),
(189,	89,	32,	2,	'OD429577323172023100',	'blue',	'4/128',	2,	11097,	'2023-11-02 16:57:06',	'2023-11-05 06:33:07',	'',	350,	NULL,	NULL,	NULL),
(190,	57,	56,	19,	'OD429602194431708100',	'black',	'4/128',	2,	8299,	'2023-11-05 06:22:23',	'2023-11-07 05:18:34',	'',	350,	NULL,	NULL,	NULL),
(191,	50,	57,	19,	'OD429602264023948100',	'blue',	'4/128',	2,	8299,	'2023-11-05 06:32:14',	'2023-11-11 04:44:05',	'7799+500gift=8299',	350,	NULL,	NULL,	NULL),
(192,	22,	43,	19,	'OD329602324906011100',	'blue',	'4/128',	2,	8328,	'2023-11-05 06:40:50',	'2023-11-11 04:44:19',	'',	350,	NULL,	NULL,	NULL),
(193,	26,	38,	19,	'OD429602784369484100',	'black',	'4/128',	2,	8328,	'2023-11-05 07:55:44',	'2023-11-07 05:20:33',	'',	350,	NULL,	NULL,	NULL),
(194,	21,	40,	19,	'OD329602819106452100',	'green',	'4/128',	2,	8328,	'2023-11-05 08:01:38',	'2023-11-11 04:44:19',	'',	350,	NULL,	NULL,	NULL),
(195,	21,	58,	17,	'OD329603022028860100',	'black',	'8/256',	2,	23357,	'2023-11-05 08:45:40',	'2023-11-07 05:18:59',	'',	350,	NULL,	NULL,	NULL),
(196,	58,	63,	20,	'OD329586782992100',	'blue',	'8/128',	2,	13097,	'2023-11-02 17:00:00',	'2023-11-05 09:24:15',	'',	350,	NULL,	NULL,	NULL),
(197,	90,	72,	17,	'OD329603286379638100',	'black',	'8/256',	2,	23107,	'2023-11-05 09:28:57',	'2023-11-07 05:19:33',	'',	350,	NULL,	NULL,	NULL),
(198,	91,	66,	17,	'OD329603896952688100',	'black',	'8/256',	2,	23107,	'2023-11-05 11:06:02',	'2023-11-11 04:42:38',	'',	350,	NULL,	NULL,	NULL),
(199,	29,	39,	21,	'405-8963455-9735540',	'blue',	'6/128',	2,	12249,	'2023-11-06 17:27:16',	'2023-11-14 11:15:27',	'',	350,	NULL,	NULL,	NULL),
(200,	26,	29,	22,	'OD429615579858557100',	'blue',	'4/128',	2,	7724,	'2023-11-07 03:46:21',	'2023-11-11 04:47:58',	'',	350,	NULL,	NULL,	NULL),
(201,	26,	19,	17,	'OD429615607004721100 ',	'gold',	'8/256',	2,	23857,	'2023-11-07 03:47:36',	'2023-11-16 05:02:10',	'',	350,	NULL,	NULL,	NULL),
(202,	58,	63,	8,	'OD329618654809007100',	'black',	'6/128',	2,	12597,	'2023-11-07 04:16:37',	'2023-11-09 04:26:24',	'',	350,	NULL,	NULL,	NULL),
(203,	50,	42,	15,	'OD429618742696007100',	'blue',	'6/128',	2,	11000,	'2023-11-07 04:17:23',	'2023-11-09 04:25:43',	'',	350,	NULL,	NULL,	NULL),
(204,	22,	40,	15,	'OD329618810049672100',	'black',	'6/128',	2,	11048,	'2023-11-07 04:26:04',	'2023-11-09 04:23:58',	'',	350,	NULL,	NULL,	NULL),
(205,	81,	51,	17,	'OD429622884832532100',	'gold',	'8/256',	2,	23107,	'2023-11-07 15:57:49',	'2023-11-10 09:28:52',	'',	350,	NULL,	NULL,	NULL),
(206,	45,	26,	19,	'5231108131110432',	'green',	'4/128',	2,	8300,	'2023-11-07 18:06:48',	'2023-11-14 11:17:28',	'',	350,	NULL,	NULL,	NULL),
(207,	29,	40,	23,	'405-0699017-5489126',	'gold',	'8/128',	2,	15000,	'2023-11-07 18:41:19',	'2023-11-14 11:15:59',	'',	350,	NULL,	NULL,	NULL),
(208,	31,	41,	23,	'407-6649431-3965167',	'black',	'8/256',	2,	16999,	'2023-11-07 18:43:01',	'2023-11-14 11:19:45',	'',	350,	NULL,	NULL,	NULL),
(209,	49,	69,	23,	'171-1448340-0805117',	'black',	'8/128',	2,	14999,	'2023-11-07 19:04:34',	'2023-11-14 11:30:12',	'',	350,	NULL,	NULL,	NULL),
(210,	65,	69,	23,	'403-6442169-8737142',	'gold',	'8/128',	2,	15000,	'2023-11-07 19:09:16',	'2023-11-14 11:14:39',	'',	350,	NULL,	NULL,	NULL),
(211,	49,	59,	21,	'171-7580066-0985967',	'black',	'6/128',	3,	12250,	'2023-11-07 19:16:23',	'2023-11-14 11:31:04',	'750 off',	350,	NULL,	NULL,	NULL),
(212,	31,	42,	21,	'407-4479003-1342701',	'black',	'6/128',	3,	12250,	'2023-11-07 19:22:57',	'2023-11-14 11:20:33',	'',	350,	NULL,	NULL,	NULL),
(213,	65,	61,	21,	'403-7306212-0589147',	'black',	'6/128',	2,	12249,	'2023-11-07 19:34:42',	'2023-11-14 11:14:14',	'',	350,	NULL,	NULL,	NULL),
(214,	31,	40,	23,	'407-5503548-1469914',	'gold',	'8/256',	2,	16999,	'2023-11-07 20:19:24',	'2023-11-16 13:06:18',	'',	350,	NULL,	NULL,	NULL),
(215,	41,	18,	8,	'168316493515478016',	'blue',	'8/128',	3,	14999,	'2023-11-08 11:14:04',	'2023-11-11 04:40:33',	'',	350,	NULL,	NULL,	NULL),
(216,	41,	18,	8,	'168316520511067136',	'green',	'8/128',	3,	14999,	'2023-11-08 11:16:46',	'2023-11-11 04:40:33',	'',	350,	NULL,	NULL,	NULL),
(217,	80,	18,	12,	'OD429630170722169100',	'green',	'8/128',	2,	15048,	'2023-11-08 12:00:02',	'2023-11-14 11:10:23',	'',	350,	NULL,	NULL,	NULL),
(218,	80,	71,	12,	'OD429630215177906100',	'black',	'8/128',	2,	15048,	'2023-11-08 12:05:57',	'2023-11-14 11:10:44',	'',	350,	NULL,	NULL,	NULL),
(219,	59,	71,	12,	'OD429630659626936100',	'black',	'6/128',	2,	15048,	'2023-11-08 13:21:40',	'2023-11-14 11:07:31',	'',	350,	NULL,	NULL,	NULL),
(220,	59,	57,	12,	'OD429631174961104100',	'black',	'8/128',	2,	15048,	'2023-11-08 15:05:31',	'2023-11-10 09:33:23',	'',	350,	NULL,	NULL,	NULL),
(221,	59,	57,	2,	'OD429631503181094100',	'blue',	'6/128',	2,	13048,	'2023-11-08 15:43:05',	'2023-11-14 11:07:31',	'',	350,	NULL,	NULL,	NULL),
(222,	30,	70,	23,	'408-4098553-8009960',	'gold',	'8/128',	2,	149999,	'2023-11-08 16:12:15',	'2023-11-14 11:12:23',	'',	350,	NULL,	NULL,	NULL),
(223,	30,	44,	23,	'408-6381152-0977900',	'black',	'8/256',	2,	17000,	'2023-11-08 16:16:41',	'2023-11-18 09:18:53',	'',	350,	NULL,	NULL,	NULL),
(224,	30,	53,	21,	'408-4606158-5301104',	'black',	'6/128',	2,	12249,	'2023-11-08 16:26:01',	'2023-11-14 11:07:02',	'',	350,	NULL,	NULL,	NULL),
(225,	92,	32,	9,	'OD429635812266795100',	'blue',	'8/128',	2,	7393,	'2023-11-09 03:46:23',	'2023-11-14 11:05:34',	'',	350,	NULL,	NULL,	NULL),
(226,	58,	57,	2,	'OD329653756201687100',	'black',	'6/128',	2,	13048,	'2023-11-11 05:34:40',	'2023-11-14 11:07:43',	'',	350,	NULL,	NULL,	NULL),
(227,	46,	19,	24,	'OD429658801227748100',	'blue',	'6/128',	2,	15597,	'2023-11-11 20:13:07',	'2023-11-15 06:11:23',	'',	350,	NULL,	NULL,	NULL),
(228,	84,	32,	24,	'OD329658983218366100',	'black',	'6/128',	2,	15597,	'2023-11-11 20:14:35',	'2023-11-16 05:13:45',	'',	350,	NULL,	NULL,	NULL),
(229,	90,	29,	24,	'OD32965865500539100',	'blue',	'6/128',	2,	15597,	'2023-11-11 20:19:02',	'2023-11-15 06:11:23',	'',	350,	NULL,	NULL,	NULL),
(230,	74,	51,	24,	'OD329664802347202100',	'blue',	'6/128',	2,	15597,	'2023-11-11 18:00:00',	'2023-11-15 05:41:35',	'',	350,	NULL,	NULL,	NULL),
(231,	76,	72,	24,	'OD329661263675193100',	'blue',	'6/128',	2,	15548,	'2023-11-11 18:00:00',	'2023-11-15 06:11:23',	'',	350,	NULL,	NULL,	NULL),
(232,	29,	39,	10,	'403-7043699-2299503',	'blue',	'6/128',	2,	12749,	'2023-11-15 04:48:47',	'2023-11-19 04:30:00',	'',	350,	NULL,	NULL,	NULL),
(233,	65,	70,	10,	'403-4119009-9769943',	'blue',	'6/128',	2,	12749,	'2023-11-15 05:17:35',	'2023-11-19 04:30:00',	'',	350,	NULL,	NULL,	NULL),
(234,	65,	39,	25,	'403-8708845-1858748',	'blue',	'4/64',	3,	6799,	'2023-11-15 05:25:34',	'2023-11-21 11:52:57',	'',	350,	NULL,	NULL,	NULL),
(235,	29,	42,	4,	'403-5433238-8967564',	'green',	'8/128',	2,	18499,	'2023-11-17 19:56:05',	'2023-11-20 06:22:58',	'',	350,	NULL,	NULL,	NULL),
(236,	65,	60,	4,	'403-5127935-6311553',	'green',	'8/128',	2,	18499,	'2023-11-17 19:57:41',	'2023-11-20 06:22:58',	'',	350,	NULL,	NULL,	NULL),
(237,	80,	43,	2,	'OD429715885837867100',	'gold',	'4/128',	2,	12048,	'2023-11-18 10:10:26',	'2023-11-21 11:49:57',	'location gorabazar',	350,	NULL,	NULL,	NULL),
(238,	57,	42,	17,	'OD429716991602715100',	'gold',	'8/128',	2,	21999,	'2023-11-18 13:17:41',	'2023-11-22 11:33:57',	'Location=Shechaee Vibhag',	350,	NULL,	NULL,	NULL),
(239,	60,	18,	17,	'OD329717484698934100',	'gold',	'8/128',	2,	22058,	'2023-11-18 14:33:58',	'2023-11-22 11:33:57',	'Location Gorabazar ',	350,	NULL,	NULL,	NULL),
(240,	61,	71,	17,	'OD329717529790161100',	'gold',	'8/128',	2,	22058,	'2023-11-18 14:48:06',	'2023-11-21 11:52:37',	'Location Misharbazar',	350,	NULL,	NULL,	NULL),
(241,	61,	56,	2,	'OD329723188724786100',	'gold',	'6/128',	2,	13048,	'2023-11-19 06:24:49',	'2023-11-21 05:46:34',	'Location Misharbazar',	350,	NULL,	NULL,	NULL),
(242,	18,	26,	25,	'1679585903705as01632',	'blue',	'6/128',	3,	876,	'2023-11-20 07:48:17',	'2023-11-21 05:47:18',	'Gorabazar',	350,	NULL,	NULL,	NULL),
(243,	80,	45,	17,	'OD429735695510705100',	'black',	'8/256',	2,	23058,	'2023-11-20 17:08:31',	'2023-11-28 23:30:00',	'Gorabazar',	350,	NULL,	NULL,	NULL),
(244,	81,	57,	12,	'xxxxxxxxxxxxxxxx',	'black',	'8/128',	2,	15048,	'2023-11-08 04:30:00',	'2023-11-10 04:30:00',	'Gorabazar',	350,	NULL,	NULL,	NULL),
(245,	83,	73,	2,	'OD429778734651333100',	'black',	'6/128',	2,	12999,	'2023-11-25 17:08:30',	'2023-11-28 18:45:08',	'Gorabazar',	350,	NULL,	NULL,	NULL),
(246,	92,	73,	2,	'OD429778771568832100',	'blue',	'6/128',	2,	13048,	'2023-11-25 17:09:27',	'2023-11-28 18:45:08',	'Gorabazar',	350,	NULL,	NULL,	NULL),
(247,	81,	73,	2,	'OD429778814514186100',	'blue',	'6/128',	2,	13048,	'2023-11-25 17:10:19',	'2023-11-28 18:45:08',	'Gorabazar',	350,	NULL,	NULL,	NULL),
(248,	93,	73,	2,	'OD429778849595546100',	'blue',	'6/128',	3,	13048,	'2023-11-25 17:11:35',	'2023-11-29 23:30:00',	'Gorabazar',	350,	NULL,	NULL,	NULL),
(249,	21,	38,	2,	'OD329778967452583100',	'blue',	'6/128',	2,	13048,	'2023-11-25 17:25:10',	'2023-11-28 18:45:08',	'Gorabazar',	350,	NULL,	NULL,	NULL),
(250,	24,	56,	2,	'OD429779031272453100',	'blue',	'6/128',	2,	13048,	'2023-11-25 17:31:50',	'2023-11-28 18:45:08',	'Gorabazar',	350,	NULL,	NULL,	NULL),
(251,	19,	56,	14,	'OD329826305768693100',	'blue',	'4/128',	2,	6578,	'2023-12-01 05:05:46',	'2023-12-03 11:22:05',	'Gorabazar',	222,	NULL,	NULL,	NULL),
(252,	57,	16,	14,	'OD429826160878311101',	'blue',	'4/128',	2,	6549,	'2023-12-01 05:07:20',	'2023-12-03 11:27:57',	'Cheecahee Vibhag',	222,	NULL,	NULL,	NULL),
(253,	84,	43,	14,	'OD329826444905372100',	'blue',	'4/128',	2,	6578,	'2023-12-01 05:13:28',	'2023-12-03 11:28:43',	'Gorabazar',	222,	NULL,	NULL,	NULL),
(254,	50,	57,	14,	'OD429829480268867100',	'blue',	'4/128',	2,	6549,	'2023-12-01 14:09:33',	'2023-12-03 11:26:35',	'Mishar Bazar',	222,	NULL,	NULL,	NULL),
(255,	60,	38,	14,	'OD329831593983601100',	'blue',	'4/128',	2,	6578,	'2023-12-01 20:02:39',	'2023-12-03 11:18:35',	'Mishar Bazar',	222,	NULL,	NULL,	NULL),
(256,	61,	46,	14,	'OD329831636225098100',	'blue',	'4/128',	2,	6578,	'2023-12-01 20:12:46',	'2023-12-03 11:19:35',	'Mishar Bazar',	222,	NULL,	NULL,	NULL),
(257,	50,	57,	2,	'OD429837128788417100',	'gold',	'6/128',	2,	12999,	'2023-12-02 11:23:40',	'2023-12-04 05:33:42',	'Gorabazar',	350,	NULL,	NULL,	NULL),
(258,	18,	57,	2,	'OD329837169961982100',	'gold',	'6/128',	2,	13048,	'2023-12-02 11:30:02',	'2023-12-04 05:23:09',	'Mishar Bazar',	350,	NULL,	NULL,	NULL),
(259,	20,	57,	2,	'OD329837262506901100',	'gold',	'6/128',	2,	13048,	'2023-12-02 11:51:06',	'2023-12-04 05:33:42',	'Gorabazar',	350,	NULL,	NULL,	NULL),
(260,	19,	57,	2,	'OD329837337655667100',	'gold',	'6/128',	2,	13048,	'2023-12-02 11:57:14',	'2023-12-04 05:33:42',	'Gorabazar',	350,	NULL,	NULL,	NULL),
(261,	20,	47,	14,	'OD329837357606456100',	'blue',	'4/128',	2,	6578,	'2023-12-02 12:01:02',	'2023-12-04 05:23:09',	'Mishar Bazar',	350,	NULL,	NULL,	NULL),
(262,	84,	47,	2,	'OD329837385670178100',	'gold',	'6/128',	2,	13048,	'2023-12-02 12:05:54',	'2023-12-04 05:33:42',	'Gorabazar',	350,	NULL,	NULL,	NULL),
(263,	57,	47,	2,	'OD429837413809723100',	'gold',	'6/128',	2,	12999,	'2023-12-02 12:18:53',	'2023-12-04 05:33:42',	'Gorabazar',	350,	NULL,	NULL,	NULL),
(264,	76,	47,	2,	'OD329837494535247100',	'gold',	'6/128',	2,	13048,	'2023-12-02 12:26:18',	'2023-12-04 05:03:03',	'Mishar Bazar',	350,	NULL,	NULL,	NULL),
(265,	22,	47,	2,	'OD329837594112407100',	'gold',	'6/128',	2,	13048,	'2023-12-02 12:44:53',	'2023-12-04 05:05:48',	'Mishar Bazar',	350,	NULL,	NULL,	NULL),
(266,	22,	73,	14,	'OD329837645201721100',	'blue',	'4/128',	2,	6578,	'2023-12-02 12:49:38',	'2023-12-04 05:05:48',	'Mishar Bazar',	350,	NULL,	NULL,	NULL),
(268,	61,	41,	15,	'OD329840732671924100',	'blue',	'8/256',	2,	13048,	'2023-12-02 21:24:07',	'2023-12-05 09:05:31',	'Gorabazar',	350,	NULL,	NULL,	NULL),
(269,	60,	39,	15,	'OD329840762828147100',	'green',	'8/256',	2,	13048,	'2023-12-02 21:29:16',	'2023-12-05 09:05:31',	'Gorabazar',	350,	NULL,	NULL,	NULL),
(270,	90,	56,	2,	'OD329922564932865100',	'blue',	'6/128',	2,	13048,	'2023-12-12 08:47:19',	'2023-12-16 10:22:30',	'Mishar Bazar',	350,	NULL,	NULL,	NULL),
(271,	46,	56,	2,	'OD429922643825223100',	'blue',	'6/128',	2,	13048,	'2023-12-12 08:58:48',	'2023-12-16 10:17:50',	'Gorabazar',	350,	NULL,	NULL,	NULL),
(272,	46,	19,	17,	'OD429931215567791100',	'gold',	'8/256',	2,	23107,	'2023-12-13 08:44:30',	'2023-12-16 10:24:20',	'Gorabazar',	350,	NULL,	NULL,	NULL),
(273,	21,	18,	17,	'OD329931242961464100',	'gold',	'8/256',	2,	23107,	'2023-12-13 08:49:07',	'2023-12-16 10:24:20',	'Gorabazar',	350,	NULL,	NULL,	NULL),
(274,	50,	32,	17,	'OD429931243322942100',	'gold',	'8/256',	2,	23107,	'2023-12-13 08:52:14',	'2023-12-18 18:06:49',	'Mishar Bazar',	350,	NULL,	NULL,	NULL),
(275,	90,	45,	17,	'OD329931524893227100',	'gold',	'8/256',	2,	23107,	'2023-12-13 09:39:09',	'2023-12-16 10:28:50',	'Mishar Bazar',	393,	NULL,	NULL,	NULL),
(276,	59,	71,	17,	'OD429938782780553100',	'black',	'8/256',	3,	23107,	'2023-12-14 05:44:06',	'2023-12-26 15:09:41',	'Gorabazar',	0,	NULL,	NULL,	NULL),
(277,	76,	74,	17,	'OD329938838971555100',	'gold',	'8/256',	2,	23017,	'2023-12-14 06:07:17',	'2023-12-17 06:39:03',	'Mishar Bazar',	350,	NULL,	NULL,	NULL),
(278,	84,	75,	17,	'OD329938940701298100',	'gold',	'8/256',	2,	23107,	'2023-12-14 06:19:08',	'2023-12-17 05:47:03',	'Gorabazar',	350,	NULL,	NULL,	NULL),
(279,	22,	24,	17,	'OD329939024385701100',	'gold',	'8/256',	2,	23107,	'2023-12-14 06:25:24',	'2023-12-17 05:46:28',	'Gorabazar',	350,	NULL,	NULL,	NULL),
(280,	82,	43,	2,	'OD429949010347069100',	'blue',	'6/128',	2,	13049,	'2023-12-15 10:31:45',	'2023-12-17 06:39:03',	'Mishar Bazar',	350,	NULL,	NULL,	NULL),
(281,	29,	19,	25,	'403-5953252-4385104',	'black',	'4/128',	2,	7999,	'2023-12-18 16:16:50',	'2023-12-22 05:12:35',	'Cheecahee Vibhag',	250,	NULL,	NULL,	NULL),
(282,	29,	29,	25,	'403-6521281-5868365',	'green',	'4/128',	2,	7999,	'2023-12-20 18:14:48',	'2023-12-26 15:09:26',	'Gorabazar',	250,	NULL,	NULL,	NULL),
(283,	45,	19,	25,	'5231221641001248',	'green',	'4/128',	2,	7999,	'2023-12-20 18:27:22',	'2023-12-26 15:09:26',	'Cheecahee Vibhag',	250,	NULL,	NULL,	NULL),
(284,	53,	61,	26,	'5231221641001277',	'green',	'4/128',	2,	7999,	'2023-12-20 18:36:48',	'2023-12-26 15:09:26',	'Cheecahee Vibhag',	250,	NULL,	NULL,	NULL),
(285,	30,	29,	26,	'404-6539017-4440357',	'green',	'4/128',	2,	7999,	'2023-12-20 18:41:57',	'2023-12-26 15:09:26',	'Cheecahee Vibhag',	250,	NULL,	NULL,	NULL),
(286,	18,	19,	24,	'OD330082085922931100',	'blue',	'6/128',	2,	15097,	'2024-01-01 05:00:00',	'2024-01-07 07:58:48',	'Cheecahee Vibhag',	400,	NULL,	NULL,	NULL),
(287,	26,	29,	24,	'OD430082158057048100',	'blue',	'6/128',	2,	15097,	'2024-01-01 05:00:00',	'2024-01-07 07:58:48',	'Cheecahee Vibhag',	400,	NULL,	NULL,	NULL),
(288,	21,	56,	2,	'OD330082337035532100',	'gold',	'6/128',	2,	13048,	'2024-01-01 05:00:00',	'2024-01-02 09:38:54',	'Gorabazar',	350,	NULL,	NULL,	NULL),
(289,	61,	38,	2,	'OD330082431160378100',	'green',	'6/128',	2,	13048,	'2024-01-01 05:00:00',	'2024-01-03 10:36:38',	'Mishar Bazar',	350,	NULL,	NULL,	NULL),
(290,	45,	26,	27,	'5231231947010808',	'green',	'4/128',	2,	10499,	'2024-01-01 05:00:00',	'2024-01-04 10:45:50',	'Cheecahee Vibhag',	300,	NULL,	NULL,	NULL),
(291,	60,	56,	2,	'OD330106703229862100',	'gold',	'6/128',	2,	13048,	'2024-01-01 05:00:00',	'2024-01-05 05:52:57',	'Cheecahee Vibhag',	350,	NULL,	NULL,	NULL),
(292,	28,	39,	10,	'403-5204710-3680354',	'green',	'6/128',	2,	12500,	'2024-01-04 09:01:30',	'2024-01-09 06:39:24',	'Cheecahee Vibhag',	300,	NULL,	NULL,	NULL),
(293,	65,	70,	10,	'403-9332964-6315556',	'green',	'6/128',	2,	12499,	'2024-01-04 09:15:57',	'2024-01-09 06:39:03',	'Mishar Bazar',	275,	NULL,	NULL,	NULL),
(294,	29,	26,	10,	'403-2257687-7055527',	'blue',	'6/128',	2,	12499,	'2024-01-04 09:23:16',	'2024-01-09 06:39:24',	'Cheecahee Vibhag',	300,	NULL,	NULL,	NULL),
(295,	49,	69,	10,	'402-3675128-2083561',	'green',	'6/128',	2,	12499,	'2024-01-04 09:56:21',	'2024-01-09 06:39:24',	'Cheecahee Vibhag',	300,	NULL,	NULL,	NULL),
(296,	31,	40,	10,	'407-2042437-9844334',	'blue',	'6/128',	2,	12499,	'2024-01-04 10:19:58',	'2024-01-09 06:39:03',	'Mishar Bazar',	275,	NULL,	NULL,	NULL),
(297,	48,	42,	10,	'408-1991804-5050709',	'green',	'6/128',	2,	12499,	'2024-01-04 10:25:38',	'2024-01-09 06:39:24',	'Cheecahee Vibhag',	300,	NULL,	NULL,	NULL),
(298,	30,	41,	10,	'402-9126959-7792313',	'green',	'6/128',	2,	12499,	'2024-01-04 10:33:32',	'2024-01-09 06:39:24',	'Cheecahee Vibhag',	300,	NULL,	NULL,	NULL),
(299,	50,	43,	2,	'OD430128882904625100',	'gold',	'6/128',	2,	13049,	'2024-01-05 05:50:49',	'2024-01-08 08:47:42',	'Mishar Bazar',	350,	NULL,	NULL,	NULL),
(300,	29,	39,	27,	'403-3134458-7968322',	'green',	'4/128',	2,	10600,	'2024-01-06 08:24:53',	'2024-01-11 14:33:39',	'Cheecahee Vibhag',	250,	NULL,	NULL,	NULL),
(301,	31,	40,	27,	'407-4796770-2993104',	'green',	'4/128',	2,	10600,	'2024-01-06 08:29:50',	'2024-01-11 14:33:39',	'Cheecahee Vibhag',	250,	NULL,	NULL,	NULL),
(302,	58,	56,	2,	'OD330199486153395100',	'blue',	'6/128',	2,	13048,	'2024-01-13 13:18:31',	'2024-01-15 18:13:07',	'Cheecahee Vibhag',	350,	NULL,	NULL,	NULL),
(303,	20,	43,	2,	'OD330207312402809100',	'green',	'6/128',	2,	13048,	'2024-01-14 07:42:31',	'2024-01-17 19:12:39',	'Mishar Bazar',	350,	NULL,	NULL,	NULL),
(304,	26,	60,	2,	'OD430236445669352100/mob no reetu',	'blue',	'6/128',	2,	12353,	'2024-01-17 16:40:20',	'2024-01-19 05:36:59',	'Cheecahee Vibhag',	500,	NULL,	NULL,	NULL),
(305,	25,	26,	2,	'Sahid id sahid no',	'green',	'6/128',	2,	12298,	'2024-01-17 17:09:36',	'2024-01-19 07:11:02',	'Gorabazar',	500,	NULL,	NULL,	NULL),
(306,	78,	61,	2,	'Ayush self no',	'green',	'6/128',	2,	13347,	'2024-01-17 17:11:38',	'2024-01-19 07:11:02',	'Gorabazar',	500,	NULL,	NULL,	NULL),
(307,	80,	53,	2,	'Golu id and no',	'green',	'6/128',	2,	12347,	'2024-01-17 19:14:34',	'2024-01-20 06:46:07',	'Gorabazar',	500,	NULL,	NULL,	NULL),
(308,	81,	42,	2,	'OD430237745840079100',	'blue',	'6/128',	2,	12347,	'2024-01-17 20:16:16',	'2024-01-20 06:46:07',	'Gorabazar',	500,	NULL,	NULL,	NULL),
(309,	83,	59,	2,	'OD430237793640038100',	'gold',	'6/128',	2,	12347,	'2024-01-17 20:21:22',	'2024-01-19 05:32:04',	'Gorabazar',	500,	NULL,	NULL,	NULL),
(310,	59,	76,	2,	'RAVI NO SELF 98717100',	'gold',	'6/128',	2,	12347,	'2024-01-17 20:48:47',	'2024-01-21 06:29:44',	'Mishar Bazar',	500,	NULL,	NULL,	NULL),
(311,	29,	39,	10,	'403-5151764-1181125',	'green',	'6/128',	2,	12000,	'2024-01-17 20:54:08',	'2024-01-24 09:00:06',	'Mishar Bazar',	850,	NULL,	NULL,	NULL),
(312,	31,	40,	10,	'407-0649239-4345915 no 1415',	'gold',	'6/128',	3,	12000,	'2024-01-17 20:58:09',	'2024-01-18 09:13:40',	'Mishar Bazar',	0,	NULL,	NULL,	NULL),
(313,	30,	41,	10,	'No 1362 9354887-7650723',	'gold',	'6/128',	2,	12000,	'2024-01-17 21:03:12',	'2024-01-25 10:21:49',	'Cheecahee Vibhag',	850,	NULL,	NULL,	NULL),
(314,	49,	69,	10,	'no 1415- 171-1563935-1093158',	'gold',	'6/128',	2,	12000,	'2024-01-17 21:15:00',	'2024-01-21 06:41:03',	'Cheecahee Vibhag',	850,	NULL,	NULL,	NULL),
(315,	84,	67,	2,	'OD330240959872172100',	'gold',	'6/128',	2,	12347,	'2024-01-18 05:10:54',	'2024-01-20 06:46:07',	'Gorabazar',	500,	NULL,	NULL,	NULL),
(316,	29,	77,	10,	'406-1883486-9456300',	'green',	'8/256',	2,	13999,	'2024-01-18 05:25:42',	'2024-01-20 14:31:54',	'Cheecahee Vibhag',	350,	NULL,	NULL,	NULL),
(317,	43,	70,	2,	'No amit sir 03026177100',	'green',	'6/128',	2,	12347,	'2024-01-18 06:26:55',	'2024-01-21 06:29:44',	'Mishar Bazar',	500,	NULL,	NULL,	NULL),
(318,	94,	64,	2,	'meda mother id',	'gold',	'6/128',	2,	12347,	'2024-01-18 06:29:58',	'2024-01-20 06:46:07',	'Gorabazar',	500,	NULL,	NULL,	NULL),
(319,	31,	70,	10,	'403-6055512-0687518',	'gold',	'8/256',	2,	14000,	'2024-01-18 06:42:20',	'2024-01-22 09:31:33',	'Cheecahee Vibhag',	1050,	NULL,	'',	NULL),
(320,	31,	40,	10,	'407-4675841-3567508',	'green',	'8/256',	2,	14000,	'2024-01-18 15:56:42',	'2024-01-22 04:53:14',	'Cheecahee Vibhag',	950,	NULL,	NULL,	NULL),
(321,	74,	19,	17,	'OD330433062631901100',	'gold',	'8/256',	2,	23107,	'2024-02-09 10:58:32',	'2024-02-11 17:20:40',	'sichee vibhag',	450,	NULL,	'',	'2024-02-12'),
(322,	74,	18,	2,	'OD330433033975313100',	'gold',	'6/128',	2,	12347,	'2024-02-09 11:00:58',	'2024-02-11 06:56:46',	'sichee vibhag',	300,	NULL,	'',	'2024-02-12'),
(323,	74,	60,	29,	'OD330433098005970100',	'gold',	'4/64',	2,	6317,	'2024-02-09 11:56:10',	'2024-02-11 17:19:27',	'sichee vibhag',	250,	NULL,	'',	'2024-02-12'),
(324,	73,	29,	28,	'OD330433073742974100',	'gold',	'4/64',	2,	5847,	'2024-02-09 11:58:04',	'2024-02-12 06:12:36',	'sichee vibhag',	250,	NULL,	'',	'2024-02-12'),
(325,	46,	71,	17,	'OD430433621433774100',	'gold',	'8/256',	2,	23107,	'2024-02-09 12:19:18',	'2024-02-11 17:20:40',	'Gorabazar',	450,	NULL,	'',	'2024-02-12'),
(326,	46,	59,	29,	'OD430433695143954100',	'blue',	'4/64',	2,	6317,	'2024-02-09 12:33:56',	'2024-02-11 17:19:27',	'sichee vibhag',	250,	NULL,	'',	'2024-02-12'),
(327,	35,	32,	2,	'OD330433846388989100',	'green',	'6/128',	2,	12347,	'2024-02-09 13:01:03',	'2024-02-12 05:48:36',	'sichee vibhag',	350,	NULL,	'',	'2024-02-12'),
(328,	35,	32,	28,	'OD330433879720169100',	'green',	'4/64',	2,	5847,	'2024-02-09 13:02:48',	'2024-02-12 05:44:50',	'Gorabazar',	250,	NULL,	'',	'2024-02-12'),
(329,	95,	19,	2,	'OD430434013064809100',	'gold',	'6/128',	2,	12347,	'2024-02-09 13:27:09',	'2024-02-12 07:56:33',	'Gorabazar',	350,	NULL,	'',	'2024-02-12'),
(330,	95,	76,	28,	'OD430434057266541100',	'gold',	'4/64',	2,	5847,	'2024-02-09 13:32:31',	'2024-02-11 17:21:08',	'sichee vibhag',	250,	NULL,	'',	'2024-02-12'),
(331,	95,	76,	29,	'OD430434093596064100',	'gold',	'4/64',	2,	6317,	'2024-02-09 13:38:51',	'2024-02-11 17:19:27',	'sichee vibhag',	250,	NULL,	'',	'2024-02-12'),
(332,	90,	74,	2,	'OD330435539356448100',	'blue',	'6/128',	2,	12347,	'2024-02-09 17:46:53',	'2024-02-14 14:24:29',	'Mishar Bazar',	350,	NULL,	'Del no 77840 91362 ',	'2024-02-12'),
(333,	57,	24,	2,	'OD430435663787232100',	'blue',	'6/128',	2,	12298,	'2024-02-09 18:05:07',	'2024-02-12 06:12:53',	'sichee vibhag',	350,	NULL,	'',	'2024-02-12'),
(334,	76,	71,	2,	'OD330435788463085100',	'gold',	'6/128',	2,	12298,	'2024-02-09 18:21:21',	'2024-02-13 05:46:46',	'Mishar Bazar',	350,	NULL,	'7784091362  no hai',	'2024-02-12'),
(335,	59,	57,	32,	'OD430478731780432100',	'gold',	'6/128',	2,	66098,	'2024-02-14 18:35:59',	'2024-02-18 09:46:29',	'sichee vibhag',	2000,	NULL,	'',	'2024-02-17'),
(336,	19,	56,	30,	'OD330478517534549100',	'blue',	'4/128',	2,	7528,	'2024-02-14 18:38:29',	'2024-02-18 09:46:06',	'sichee vibhag',	150,	NULL,	'',	'2024-02-17'),
(337,	96,	55,	31,	'406-9257087-5166720',	'blue',	'6/128',	2,	69999,	'2024-02-14 18:42:55',	'2024-02-23 09:38:19',	'sichee vibhag',	0,	NULL,	'Amazon gift',	'2024-02-20'),
(338,	24,	38,	33,	'OD430479479297139100',	'green',	'4/128',	2,	11048,	'2024-02-14 19:43:15',	'2024-02-16 17:07:23',	'sichee vibhag',	800,	NULL,	'',	'2024-02-17'),
(339,	18,	56,	33,	'OD330479424209369100',	'green',	'4/128',	2,	11048,	'2024-02-14 19:44:45',	'2024-02-16 17:07:23',	'sichee vibhag',	800,	NULL,	'',	'2024-02-17'),
(340,	43,	43,	33,	'OD430479524613074100',	'blue',	'4/128',	2,	11048,	'2024-02-14 19:49:26',	'2024-02-16 17:07:23',	'sichee vibhag',	800,	NULL,	'',	'2024-02-17'),
(341,	19,	19,	29,	'OD330488684602200100',	'green',	'4/64',	2,	6378,	'2024-02-15 21:21:03',	'2024-02-17 06:48:44',	'Mishar Bazar',	200,	NULL,	'',	'2024-02-18'),
(342,	18,	29,	29,	'OD330488752670987100',	'green',	'4/64',	2,	6378,	'2024-02-15 21:29:05',	'2024-02-18 09:46:06',	'Mishar Bazar',	150,	NULL,	'',	'2024-02-18'),
(343,	90,	18,	29,	'OD330488809468055100',	'gold',	'4/64',	2,	6378,	'2024-02-15 21:37:40',	'2024-02-19 08:17:14',	'Mishar Bazar',	150,	NULL,	'',	'2024-02-18'),
(344,	18,	19,	2,	'OD330517992889095100',	'black',	'6/128',	2,	12347,	'2024-02-19 06:41:25',	'2024-02-21 07:15:22',	'Mishar Bazar',	300,	NULL,	'',	'2024-02-22'),
(345,	24,	18,	2,	'OD430518011462093100',	'gold',	'6/128',	2,	12347,	'2024-02-19 06:42:32',	'2024-02-21 07:15:22',	'sichee vibhag',	300,	NULL,	'',	'2024-02-22'),
(346,	84,	74,	2,	'OD330518030479917100',	'gold',	'6/128',	2,	12347,	'2024-02-19 06:48:27',	'2024-02-21 07:15:22',	'MahuaBaag',	300,	NULL,	'',	'2024-02-22'),
(347,	57,	71,	2,	'OD430518577521877100',	'gold',	'6/128',	2,	12298,	'2024-02-19 08:16:57',	'2024-02-21 07:15:22',	'MahuaBaag',	300,	NULL,	'',	'2024-02-22'),
(348,	76,	29,	2,	'OD330519779444793100',	'gold',	'6/128',	2,	12298,	'2024-02-19 11:37:29',	'2024-02-21 07:15:22',	'MahuaBaag',	300,	NULL,	'',	'2024-02-22'),
(349,	59,	71,	2,	'OD430519867007860100',	'blue',	'6/128',	2,	12347,	'2024-02-19 11:54:10',	'2024-02-22 06:44:49',	'Mishar Bazar',	300,	NULL,	'',	'2024-02-22'),
(350,	21,	18,	2,	'OD330521708360190100',	'gold',	'6/128',	2,	12347,	'2024-02-19 17:02:46',	'2024-02-22 06:44:49',	'Mishar Bazar',	300,	NULL,	'',	'2024-02-22'),
(351,	94,	19,	2,	'Medha mother',	'blue',	'6/128',	2,	12347,	'2024-02-19 17:03:52',	'2024-02-22 06:44:49',	'Mishar Bazar',	300,	NULL,	'',	'2024-02-22'),
(352,	19,	19,	24,	'OD330630792748025100',	'blue',	'6/128',	2,	14098,	'2024-03-03 08:00:18',	'2024-03-09 08:45:33',	'sichee vibhag',	400,	NULL,	'',	'2024-03-06'),
(353,	60,	18,	24,	'OD330630833172741100',	'blue',	'6/128',	3,	14098,	'2024-03-03 08:06:53',	'2024-03-09 08:45:20',	'sichee vibhag',	0,	NULL,	'',	'2024-03-06'),
(354,	18,	18,	2,	'Thikis before order ',	'gold',	'4/128',	2,	11048,	'2024-03-09 08:47:21',	'2024-03-14 18:20:52',	'Gorabazar',	250,	NULL,	'',	'2024-03-12'),
(355,	18,	18,	2,	'Thikis before order1',	'gold',	'4/128',	2,	11048,	'2024-03-09 08:48:40',	'2024-03-14 18:20:52',	'Gorabazar',	250,	NULL,	'Managed before order ',	'2024-03-12'),
(356,	22,	74,	2,	'Thikis before order3',	'gold',	'4/128',	2,	11048,	'2024-03-09 08:49:52',	'2024-03-14 18:20:52',	'Gorabazar',	250,	NULL,	'This os only for managing',	'2024-03-12'),
(357,	19,	19,	2,	'Thikis before order4',	'gold',	'6/128',	2,	12048,	'2024-03-09 08:50:50',	'2024-03-14 18:20:52',	'Gorabazar',	250,	NULL,	'This is for managing only ',	'2024-03-12'),
(358,	43,	71,	2,	'OD430700408000747100',	'gold',	'4/128',	2,	11048,	'2024-03-11 09:24:14',	'2024-03-14 18:20:52',	'MahuaBaag',	250,	NULL,	'',	'2024-03-14'),
(359,	24,	18,	2,	'OD430700372316593100',	'gold',	'6/128',	2,	12048,	'2024-03-11 09:26:46',	'2024-03-14 18:20:52',	'MahuaBaag',	250,	NULL,	'',	'2024-03-14'),
(360,	21,	56,	34,	'OD330744117354237100',	'green',	'4/128',	2,	7077,	'2024-03-16 11:07:00',	'2024-03-22 16:32:20',	'sichee vibhag',	300,	NULL,	'',	'2024-03-19'),
(361,	59,	38,	34,	'OD430744328636710100',	'green',	'4/128',	2,	7077,	'2024-03-16 11:23:38',	'2024-03-22 16:32:20',	'sichee vibhag',	300,	NULL,	'',	'2024-03-19'),
(362,	19,	32,	36,	'OD330785566493506100',	'green',	'8/256',	2,	11097,	'2024-03-21 05:58:04',	'2024-03-23 06:25:40',	'Mishar Bazar',	250,	NULL,	'',	'2024-03-24'),
(363,	24,	29,	36,	'OD430785607633692100',	'blue',	'8/256',	2,	11098,	'2024-03-21 06:02:38',	'2024-03-23 06:25:40',	'Mishar Bazar',	250,	NULL,	'',	'2024-03-24'),
(364,	21,	19,	36,	'OD330785761421256100',	'blue',	'4/128',	2,	10107,	'2024-03-21 06:30:37',	'2024-03-23 06:25:40',	'Mishar Bazar',	250,	NULL,	'',	'2024-03-24'),
(365,	92,	23,	36,	'OD430794504726559100',	'green',	'4/128',	2,	10097,	'2024-03-22 06:47:46',	'2024-03-24 06:34:07',	'Mishar Bazar',	150,	NULL,	'',	'2024-03-25'),
(366,	81,	19,	2,	'Gulabsaid my laptop ',	'blue',	'4/128',	2,	11048,	'2024-03-22 16:34:06',	'2024-03-24 06:34:37',	'Gorabazar',	300,	NULL,	'',	'2024-03-25'),
(367,	35,	18,	2,	'OD330803689951048100',	'gold',	'4/128',	2,	11048,	'2024-03-23 08:17:02',	'2024-03-26 06:02:26',	'MahuaBaag',	250,	NULL,	'',	'2024-03-26'),
(368,	90,	45,	2,	'OD330803796991156100',	'gold',	'6/128',	2,	12048,	'2024-03-23 08:34:35',	'2024-03-26 06:38:08',	'MahuaBaag',	250,	NULL,	'',	'2024-03-26'),
(369,	25,	71,	2,	'OD330803720224259100',	'gold',	'4/128',	2,	11058,	'2024-03-23 08:36:56',	'2024-03-26 06:38:08',	'Mishar Bazar',	250,	NULL,	'',	'2024-03-26'),
(370,	96,	39,	10,	'406-9907698-2647',	'gold',	'4/128',	2,	11000,	'2024-03-23 08:40:11',	'2024-03-27 12:31:16',	'sichee vibhag',	250,	NULL,	'',	'2024-03-26'),
(371,	59,	43,	34,	'OD430803883398546100',	'green',	'4/128',	2,	7077,	'2024-03-23 08:48:18',	'2024-03-26 06:38:08',	'sichee vibhag',	250,	NULL,	'',	'2024-03-26'),
(372,	90,	57,	34,	'OD330803938043334100',	'blue',	'4/128',	2,	7077,	'2024-03-23 08:58:18',	'2024-03-26 06:38:08',	'sichee vibhag',	250,	NULL,	'',	'2024-03-26'),
(373,	95,	74,	2,	'PAPAJIOFKT',	'gold',	'4/128',	2,	11048,	'2024-03-23 09:00:38',	'2024-03-26 06:38:08',	'MahuaBaag',	250,	NULL,	'',	'2024-03-26'),
(374,	73,	29,	2,	'OD330803997807308100',	'gold',	'4/128',	2,	11048,	'2024-03-23 09:09:40',	'2024-03-26 06:02:26',	'MahuaBaag',	250,	NULL,	'',	'2024-03-26'),
(375,	78,	24,	2,	'OD33074411735228100',	'gold',	'6/128',	2,	12048,	'2024-03-24 06:48:29',	'2024-03-27 07:52:54',	'Mishar Bazar',	250,	NULL,	'',	'2024-03-27'),
(376,	50,	78,	2,	'OD430847129414233100',	'blue',	'6/128',	2,	12058,	'2024-03-28 09:03:05',	'2024-04-01 05:50:00',	'MahuaBaag',	280,	NULL,	'',	'2024-03-31'),
(377,	21,	19,	2,	'OD330860136406433100',	'blue',	'6/128',	2,	12058,	'2024-03-29 21:08:08',	'2024-04-01 05:50:00',	'sichee vibhag',	280,	NULL,	'',	'2024-04-01'),
(378,	24,	71,	2,	'OD430860105699566100',	'gold',	'6/128',	2,	12048,	'2024-03-29 21:09:49',	'2024-04-01 05:50:00',	'sichee vibhag',	280,	NULL,	'',	'2024-04-01'),
(379,	19,	18,	2,	'OD330860089488066100',	'blue',	'6/128',	2,	12018,	'2024-03-29 21:11:02',	'2024-04-01 05:50:00',	'sichee vibhag',	280,	NULL,	'',	'2024-04-01'),
(380,	57,	45,	2,	'OD430860567427785100',	'gold',	'6/128',	2,	12048,	'2024-03-29 22:17:55',	'2024-04-02 15:04:05',	'sichee vibhag',	450,	NULL,	'',	'2024-04-01'),
(381,	76,	74,	2,	'OD330860610085696100',	'blue',	'6/128',	2,	12018,	'2024-03-29 22:25:21',	'2024-04-01 05:50:00',	'sichee vibhag',	280,	NULL,	'',	'2024-04-01'),
(382,	59,	29,	2,	'Orderby self ravi',	'gold',	'4/128',	2,	11058,	'2024-03-30 16:21:03',	'2024-04-02 15:04:05',	'sichee vibhag',	450,	NULL,	'Ye 4 gb hai address guru mobile ravi ne order kiya hai',	'2024-04-02'),
(383,	61,	19,	36,	'OD330885917259640100',	'black',	'8/128',	2,	11098,	'2024-04-01 20:40:28',	'2024-04-04 06:20:05',	'sichee vibhag',	350,	NULL,	'',	'2024-04-04'),
(384,	21,	29,	36,	'OD330894852918993100',	'blue',	'8/128',	2,	11107,	'2024-04-02 21:32:31',	'2024-04-05 06:55:21',	'sichee vibhag',	250,	NULL,	'',	'2024-04-05'),
(385,	61,	45,	2,	'OD330894919964551100',	'blue',	'6/128',	2,	12048,	'2024-04-02 21:41:27',	'2024-04-05 06:55:21',	'Mishar Bazar',	250,	NULL,	'',	'2024-04-05'),
(386,	84,	32,	36,	'OD330897873714116100',	'blue',	'8/128',	2,	11107,	'2024-04-03 06:04:07',	'2024-04-05 06:55:21',	'Mishar Bazar',	250,	NULL,	'',	'2024-04-06'),
(387,	84,	74,	2,	'OD330898032895688100',	'blue',	'6/128',	2,	12048,	'2024-04-03 06:25:43',	'2024-04-05 06:55:21',	'Mishar Bazar',	250,	NULL,	'',	'2024-04-06'),
(388,	97,	19,	2,	'OD430899111106540100',	'blue',	'6/128',	2,	12048,	'2024-04-03 09:20:27',	'2024-04-05 06:55:21',	'Mishar Bazar',	250,	NULL,	'',	'2024-04-06'),
(389,	97,	23,	36,	'OD430899135798609100',	'blue',	'8/128',	2,	11107,	'2024-04-03 09:29:33',	'2024-04-05 05:40:11',	'Mishar Bazar',	250,	NULL,	'',	'2024-04-06'),
(390,	21,	74,	2,	'OD330980628775178100',	'gold',	'6/128',	2,	12056,	'2024-04-12 19:51:33',	'2024-04-15 07:20:53',	'MahuaBaag',	300,	NULL,	'',	'2024-04-15'),
(391,	24,	45,	2,	'OD430980553163362100',	'gold',	'6/128',	2,	12048,	'2024-04-12 19:52:56',	'2024-04-15 07:20:53',	'MahuaBaag',	300,	NULL,	'',	'2024-04-15'),
(392,	57,	18,	2,	'OD430980789604784100',	'gold',	'6/128',	2,	12058,	'2024-04-12 20:15:07',	'2024-04-15 07:20:53',	'Mishar Bazar',	300,	NULL,	'',	'2024-04-15'),
(393,	33,	51,	2,	'OD330985194653836100',	'gold',	'6/128',	2,	12058,	'2024-04-13 08:30:32',	'2024-04-15 20:12:17',	'Gorabazar',	350,	NULL,	'',	'2024-04-16'),
(394,	26,	29,	2,	'OD430985253528863100',	'gold',	'6/128',	2,	12058,	'2024-04-13 08:41:08',	'2024-04-16 08:12:30',	'sichee vibhag',	325,	NULL,	'',	'2024-04-16'),
(395,	46,	32,	2,	'OD430985522733375100',	'gold',	'6/128',	2,	12058,	'2024-04-13 09:23:57',	'2024-04-16 08:12:30',	'Mishar Bazar',	325,	NULL,	'',	'2024-04-16'),
(396,	68,	71,	2,	'1OD430985522733375100',	'gold',	'6/128',	2,	12058,	'2024-04-13 09:37:41',	'2024-04-16 08:12:30',	'Gorabazar',	325,	NULL,	'Mama ka 2nd wala no hai 9536996964',	'2024-04-16'),
(397,	22,	21,	2,	'OD330988466983240100',	'gold',	'6/128',	2,	12048,	'2024-04-13 17:40:45',	'2024-04-16 08:12:30',	'sichee vibhag',	325,	NULL,	'Gahma DC',	'2024-04-16'),
(398,	31,	42,	4,	'407-6653133-2185966',	'green',	'8/128',	2,	16500,	'2024-04-13 18:04:39',	'2024-04-16 08:22:31',	'sichee vibhag',	500,	NULL,	'',	'2024-04-16'),
(399,	98,	78,	2,	'OD430987281705677100',	'gold',	'6/128',	2,	12048,	'2024-04-13 19:01:08',	'2024-04-16 08:12:30',	'Mishar Bazar',	325,	NULL,	'Suspected card',	'2024-04-16'),
(400,	68,	18,	37,	'OD330993687122677100',	'blue',	'8/128',	2,	20107,	'2024-04-14 08:15:51',	'2024-04-19 06:26:42',	'MahuaBaag',	350,	3,	'9536996964',	'2024-04-17'),
(401,	33,	45,	37,	'OD330993662319176100',	'green',	'8/256',	2,	18107,	'2024-04-14 08:17:49',	'2024-04-19 06:26:42',	'MahuaBaag',	350,	3,	'3001',	'2024-04-17'),
(402,	97,	74,	38,	'OD431070985660604100',	'blue',	'6/128',	2,	14048,	'2024-04-24 06:13:22',	'2024-04-25 15:01:11',	'Mishar Bazar',	300,	1,	'new model',	'2024-04-25'),
(403,	33,	71,	38,	'OD331071011379009100',	'gold',	'8/256',	2,	16048,	'2024-04-24 06:15:58',	'2024-04-25 15:01:11',	'Mishar Bazar',	300,	1,	'',	'2024-04-27'),
(404,	99,	18,	39,	'24042412095013014440',	'blue',	'6/128',	1,	13500,	'2024-04-24 06:48:42',	'2024-04-24 06:48:42',	'Gorabazar',	350,	NULL,	'',	'2024-04-27'),
(405,	100,	71,	39,	'24042412040279224357',	'green',	'6/128',	1,	13500,	'2024-04-24 06:51:28',	'2024-04-24 06:51:28',	'sichee vibhag',	350,	NULL,	'email id ac',	'2024-04-27'),
(406,	97,	19,	39,	'OD431079549522825100',	'blue',	'6/128',	2,	13549,	'2024-04-24 06:52:58',	'2024-04-26 15:49:06',	'Mishar Bazar',	350,	1,	'',	'2024-04-27'),
(407,	33,	71,	39,	'OD331079557938374100',	'blue',	'6/128',	2,	13549,	'2024-04-24 06:54:54',	'2024-04-26 15:49:06',	'Mishar Bazar',	350,	1,	'',	'2024-04-27'),
(408,	98,	29,	39,	'OD431079763662173100',	'blue',	'6/128',	1,	13549,	'2024-04-24 07:07:17',	'2024-04-24 07:07:17',	'sichee vibhag',	350,	NULL,	'',	'2024-04-27'),
(409,	101,	18,	39,	'24042412421958825932',	'green',	'6/128',	1,	13500,	'2024-04-24 07:14:57',	'2024-04-24 07:15:57',	'Gorabazar',	350,	NULL,	'',	'2024-04-27'),
(410,	102,	45,	39,	'24042413101277212629',	'blue',	'6/128',	1,	13500,	'2024-04-24 07:46:08',	'2024-04-24 07:46:08',	'sichee vibhag',	350,	NULL,	'',	'2024-04-27'),
(411,	54,	74,	39,	'24042413235820914000',	'blue',	'4/128',	1,	12500,	'2024-04-24 07:57:21',	'2024-04-24 07:57:21',	'Gorabazar',	350,	NULL,	'4/128',	'2024-04-27'),
(412,	84,	74,	39,	'D331080126819781100',	'green',	'6/128',	1,	13549,	'2024-04-24 08:11:34',	'2024-04-24 08:11:34',	'MahuaBaag',	350,	NULL,	'',	'2024-04-27'),
(413,	103,	32,	36,	'FY6628E7330EE65BB030',	'green',	'8/128',	1,	10639,	'2024-04-24 11:12:48',	'2024-04-24 11:12:48',	'sichee vibhag',	350,	NULL,	'',	'2024-04-27'),
(414,	103,	29,	36,	'FY6628E59A0E8D0B6570',	'blue',	'8/128',	1,	10639,	'2024-04-24 11:13:39',	'2024-04-24 11:13:39',	'sichee vibhag',	350,	NULL,	'',	'2024-04-27'),
(415,	103,	19,	36,	'FY6628E26D0E45D9EC4D',	'green',	'8/128',	1,	10639,	'2024-04-24 11:14:27',	'2024-04-24 11:14:27',	'sichee vibhag',	350,	NULL,	'',	'2024-04-27'),
(416,	60,	38,	40,	'OD331098916816631100',	'green',	'6/128',	1,	11597,	'2024-04-26 12:35:32',	'2024-04-26 12:35:32',	'Gorabazar',	350,	NULL,	'',	'2024-04-29'),
(417,	49,	40,	6,	'171-0737253-6157149',	'blue',	'4/128',	1,	10749,	'2024-04-26 12:38:04',	'2024-04-26 12:38:04',	'sichee vibhag',	350,	NULL,	'',	'2024-04-29'),
(418,	30,	39,	6,	'404-6964709-7410730',	'blue',	'4/128',	1,	10750,	'2024-04-26 12:59:39',	'2024-04-26 12:59:39',	'sichee vibhag',	350,	NULL,	'',	'2024-04-29'),
(419,	31,	69,	6,	'407-8938866-8915515',	'blue',	'4/128',	1,	10750,	'2024-04-26 13:10:50',	'2024-04-26 13:10:50',	'sichee vibhag',	350,	NULL,	'',	'2024-04-29');

DROP TABLE IF EXISTS `payment_mode`;
CREATE TABLE `payment_mode` (
  `payment_mode_id` int NOT NULL AUTO_INCREMENT,
  `payment_mode_name` varchar(255) CHARACTER SET utf8mb4 COLLATE utf8mb4_unicode_ci NOT NULL,
  `payment_mode_img` varchar(255) CHARACTER SET utf8mb4 COLLATE utf8mb4_unicode_ci DEFAULT NULL,
  `payment_mode_status` int DEFAULT NULL,
  `created_at` timestamp NULL DEFAULT CURRENT_TIMESTAMP,
  `updated_at` timestamp NULL DEFAULT CURRENT_TIMESTAMP ON UPDATE CURRENT_TIMESTAMP,
  PRIMARY KEY (`payment_mode_id`)
) ENGINE=InnoDB DEFAULT CHARSET=utf8mb4 COLLATE=utf8mb4_unicode_ci;

INSERT INTO `payment_mode` (`payment_mode_id`, `payment_mode_name`, `payment_mode_img`, `payment_mode_status`, `created_at`, `updated_at`) VALUES
(1,	'asacc',	'infinix.png',	1,	'2023-09-18 05:33:07',	'2023-09-18 05:36:31');

DROP TABLE IF EXISTS `payments`;
CREATE TABLE `payments` (
  `card_id` int NOT NULL AUTO_INCREMENT,
  `card_type` varchar(10) CHARACTER SET utf8mb4 COLLATE utf8mb4_unicode_ci DEFAULT NULL,
  `account_type` varchar(20) CHARACTER SET utf8mb4 COLLATE utf8mb4_unicode_ci DEFAULT NULL,
  `card_provider_company` varchar(100) CHARACTER SET utf8mb4 COLLATE utf8mb4_unicode_ci DEFAULT NULL,
  `card_number` varchar(40) CHARACTER SET utf8mb4 COLLATE utf8mb4_unicode_ci DEFAULT NULL,
  `card_holder_name` varchar(100) CHARACTER SET utf8mb4 COLLATE utf8mb4_unicode_ci DEFAULT NULL,
  `card_provider_bank` varchar(100) CHARACTER SET utf8mb4 COLLATE utf8mb4_unicode_ci DEFAULT NULL,
  `expiration_date` varchar(70) CHARACTER SET utf8mb4 COLLATE utf8mb4_unicode_ci DEFAULT NULL,
  `cvv` int DEFAULT NULL,
  `billing_date` int DEFAULT NULL,
  `image` varchar(250) CHARACTER SET utf8mb4 COLLATE utf8mb4_unicode_ci DEFAULT NULL,
  `card_limit` int DEFAULT NULL,
  `comment` text CHARACTER SET utf8mb4 COLLATE utf8mb4_unicode_ci,
  `card_status` int DEFAULT NULL,
  `created_at` timestamp NULL DEFAULT CURRENT_TIMESTAMP,
  `updated_at` timestamp NULL DEFAULT CURRENT_TIMESTAMP ON UPDATE CURRENT_TIMESTAMP,
  PRIMARY KEY (`card_id`)
) ENGINE=InnoDB DEFAULT CHARSET=utf8mb4 COLLATE=utf8mb4_unicode_ci;

INSERT INTO `payments` (`card_id`, `card_type`, `account_type`, `card_provider_company`, `card_number`, `card_holder_name`, `card_provider_bank`, `expiration_date`, `cvv`, `billing_date`, `image`, `card_limit`, `comment`, `card_status`, `created_at`, `updated_at`) VALUES
(16,	'Credit',	'self',	'other',	'2734',	'Ashutosh Singh Kushwaha',	'2',	'05/28',	0,	1,	'user.jpg',	150000,	'',	1,	'2023-07-01 11:49:26',	'2023-09-24 10:37:36'),
(18,	'Credit',	'self',	'other',	'4534',	'Ashutosh Singh Kushwaha',	'4',	'09/25',	0,	1,	'user.jpg',	360000,	'',	1,	'2023-07-01 11:54:54',	'2023-09-24 10:38:11'),
(19,	'Credit',	'self',	'other',	'9264',	'Ashutosh Singh Kushwaha',	'3',	'08/29',	0,	1,	'user.jpg',	160000,	'',	1,	'2023-07-01 12:08:38',	'2023-09-24 10:38:30'),
(20,	'Debit',	'self',	'other',	'7083',	'Ashutosh Singh Kushwaha',	'3',	'09/27',	0,	2,	'user.jpg',	0,	'this is sbi second card ',	1,	'2023-07-01 12:16:45',	'2023-09-24 10:38:30'),
(21,	'Debit',	'self',	'other',	'5031',	'Ashutosh Singh Kushwaha',	'3',	'10/27',	0,	0,	'user.jpg',	0,	'Gahmar Sbi  ',	1,	'2023-07-01 12:28:42',	'2023-09-24 10:38:30'),
(22,	'Debit',	'self',	'other',	'8772',	'Ashutosh Singh Kushwaha',	'2',	'09/27',	0,	0,	'user.jpg',	0,	'',	1,	'2023-07-01 12:34:23',	'2023-09-24 10:37:36'),
(23,	'Debit',	'self',	'other',	'3378',	'Ashutosh Singh Kushwaha',	'3',	'',	0,	0,	'user.jpg',	0,	'Sbi PG collage first',	1,	'2023-07-01 12:57:13',	'2023-09-24 10:38:30'),
(24,	'Debit',	'self',	'other',	'8618',	'Ashutosh Singh Kushwaha',	'4',	'04/26',	0,	0,	'user.jpg',	0,	'',	1,	'2023-07-01 12:58:52',	'2023-09-24 10:38:11'),
(25,	'Debit',	'self',	'other',	'9775',	'Ashutosh Singh Kushwaha',	'1',	'01/28',	0,	0,	'user.jpg',	0,	'',	1,	'2023-07-01 13:00:29',	'2023-09-24 10:39:08'),
(26,	'Credit',	'self',	'other',	'6004',	'Ashutosh Singh Kushwaha',	'1',	'',	0,	1,	'user.jpg',	36000,	'',	1,	'2023-07-01 13:01:59',	'2023-09-24 10:39:08'),
(27,	'Credit',	'self',	'amazon',	'7009',	'Ashutosh Singh Kushwaha',	'1',	'09/28',	0,	1,	'user.jpg',	70000,	'',	0,	'2023-07-01 13:04:17',	'2023-10-07 17:22:18'),
(28,	'Credit',	'self',	'flipcart',	'8346',	'Ashutosh Singh Kushwaha',	'2',	'',	0,	0,	'user.jpg',	0,	'',	0,	'2023-07-01 13:14:54',	'2023-09-24 10:37:36'),
(29,	'Credit',	'self',	'other',	'1780',	'Ashutosh Singh Kushwaha	',	'3',	'09/26',	0,	5,	'user.jpg',	220000,	'Sbi fdcc',	1,	'2023-07-01 13:18:10',	'2023-09-24 10:38:30'),
(30,	'Credit',	'custom',	'flipcart',	'8203',	'Raju Kushwaha',	'2',	'06/26',	0,	0,	'user.jpg',	0,	'',	0,	'2023-07-01 13:20:47',	'2023-09-24 10:37:36'),
(31,	'Debit',	'self',	'other',	'7384',	'Reetu',	'2',	'04/27',	0,	0,	'user.jpg',	0,	'',	1,	'2023-07-01 13:25:31',	'2023-09-24 10:37:36'),
(32,	'Credit',	'self',	'other',	'9731',	'Reetu',	'3',	'12/29',	0,	1,	'user.jpg',	30000,	'',	1,	'2023-07-01 13:28:27',	'2023-09-24 10:38:30'),
(33,	'cod',	'custom',	NULL,	'0000',	'na',	'NA',	NULL,	NULL,	NULL,	'user.jpg',	NULL,	'cod',	1,	'2023-07-02 06:37:20',	'2023-07-02 06:37:20'),
(38,	'Credit',	'self',	'flipcart',	'7656',	'Shabana khatoon',	'2',	'06/28',	0,	1,	'user.jpg',	15000,	'',	1,	'2023-07-08 09:57:07',	'2023-09-24 10:37:36'),
(39,	'Credit',	'self',	'amazon',	'6001',	'Meena Devi',	'1',	'05/30',	0,	1,	'user.jpg',	50000,	'',	1,	'2023-07-08 15:26:06',	'2023-09-24 10:39:08'),
(40,	'Credit',	'self',	'amazon',	'7003',	'Akhilesh Singh amazon',	'1',	'0.241379310',	0,	NULL,	'user.jpg',	460000,	'',	1,	'2023-07-08 15:28:14',	'2023-10-31 18:12:17'),
(41,	'Credit',	'self',	'amazon',	'5009',	'Shabana khatoon',	'1',	'06/30',	0,	1,	'user.jpg',	50000,	'',	1,	'2023-07-08 15:41:09',	'2023-09-24 10:39:08'),
(42,	'Credit',	'self',	'other',	'7001',	'Akhilesh Singh FD',	'1',	NULL,	NULL,	NULL,	NULL,	NULL,	'icici amazon card',	1,	'2023-07-08 17:09:11',	'2023-10-31 18:24:36'),
(43,	'Credit',	'custom',	NULL,	'0623',	'Himanshu Gupta',	'2',	NULL,	NULL,	NULL,	NULL,	NULL,	'',	1,	'2023-07-09 08:46:02',	'2023-09-24 10:37:36'),
(44,	'Credit',	'custom',	NULL,	'4035',	'santhosh bharti',	'1',	NULL,	NULL,	NULL,	NULL,	NULL,	'',	1,	'2023-07-09 09:07:37',	'2023-09-24 10:39:08'),
(45,	'Credit',	'self',	'other',	'2131',	'papa hdfc cc',	'4',	'',	0,	0,	'user.jpg',	0,	'',	1,	'2023-07-12 06:10:56',	'2023-09-24 10:38:11'),
(46,	'Credit',	'custom',	NULL,	'9276',	'Reetu',	'2',	NULL,	NULL,	NULL,	NULL,	NULL,	'reetu Axis bank Fd card',	1,	'2023-07-13 05:58:08',	'2023-09-24 10:37:36'),
(47,	'Credit',	'self',	'flipcart',	'9181',	'Dileep kumar Chaurasia',	'2',	'',	0,	0,	'user.jpg',	0,	'',	1,	'2023-07-25 10:25:53',	'2023-09-24 10:37:36'),
(50,	'Credit',	'custom',	NULL,	'2472',	'Paramjeet S Kushwaha',	'3',	NULL,	NULL,	NULL,	NULL,	NULL,	'NA',	0,	'2023-08-04 05:05:59',	'2024-04-13 19:55:11'),
(51,	'Credit',	'custom',	NULL,	'8437',	'Dileep kumar Chaurasia',	'3',	NULL,	NULL,	NULL,	NULL,	NULL,	'NA',	1,	'2023-08-04 05:09:02',	'2023-09-24 10:38:30'),
(52,	'Credit',	'custom',	NULL,	'5054',	'MUKESH SAHU',	'3',	NULL,	NULL,	NULL,	NULL,	NULL,	'NA',	1,	'2023-08-04 06:55:29',	'2023-09-24 10:38:30'),
(53,	'Credit',	'self',	'other',	'4003',	'Akhilesh Singh Rupey',	'1',	'09/23',	0,	0,	'WhatsApp Image 2023-09-24 at 4.23.18 PM.jpeg',	4,	'',	1,	'2023-09-24 10:54:33',	'2023-09-24 10:54:33'),
(55,	'cod',	'custom',	NULL,	'Null',	'Cash On Delevery',	'1',	NULL,	NULL,	NULL,	NULL,	NULL,	'COD',	1,	'2023-10-05 16:02:16',	'2023-10-05 16:02:16'),
(56,	'Credit',	'self',	'flipcart',	'7222',	'Reetu flipcart axis',	'2',	'09/28',	0,	0,	'user.jpg',	0,	'',	1,	'2023-10-06 04:14:21',	'2023-10-06 04:14:21'),
(57,	'Credit',	'custom',	'flipcart',	'9837',	'santosh kumar bharti FLIPCART',	'2',	'',	0,	0,	'user.jpg',	0,	'',	1,	'2023-10-06 04:44:49',	'2023-10-06 04:44:49'),
(58,	'Credit',	'custom',	'other',	'7071',	'MUKESH SAHU',	'3',	'',	0,	0,	'user.jpg',	0,	'',	1,	'2023-10-06 18:16:05',	'2023-10-06 18:16:05'),
(59,	'Credit',	'self',	'other',	'4012',	'Reetu icici normal',	'1',	'',	0,	0,	'user.jpg',	0,	'',	1,	'2023-10-06 20:47:37',	'2023-10-06 20:47:37'),
(60,	'Credit',	'self',	'other',	'6009',	'Meena Devi icici normal',	'1',	'',	0,	0,	'user.jpg',	0,	'',	1,	'2023-10-06 20:53:20',	'2023-10-06 20:53:20'),
(61,	'Credit',	'self',	'other',	'4005',	'Meena Icici Rupey',	'1',	'',	0,	NULL,	'user.jpg',	0,	'',	1,	'2023-10-06 21:35:05',	'2023-10-22 10:11:32'),
(63,	'Credit',	'custom',	'other',	'3741',	'Ramesh',	'3',	NULL,	0,	NULL,	'user.jpg',	0,	'',	0,	'2023-10-07 06:43:33',	'2024-04-13 19:55:03'),
(64,	'Credit',	'self',	'other',	'0009',	'SANTOSH B. NOR. ICICI',	'1',	'',	0,	0,	'user.jpg',	0,	'',	1,	'2023-10-07 10:27:46',	'2023-10-07 10:27:46'),
(65,	'Credit',	'self',	'other',	'0008',	'Deepak icici ',	'1',	'',	0,	0,	'user.jpg',	0,	'',	1,	'2023-10-07 15:47:57',	'2023-10-07 15:47:57'),
(66,	'Credit',	'custom',	'other',	'3482',	'Sudhir maurya',	'3',	'',	0,	0,	'user.jpg',	0,	'',	1,	'2023-10-08 05:26:17',	'2023-10-08 05:26:17'),
(67,	'Credit',	'custom',	'other',	'0001',	'Dileep icici rupey',	'1',	'',	0,	0,	'user.jpg',	0,	'',	1,	'2023-10-08 11:26:32',	'2023-10-08 11:26:32'),
(68,	'Credit',	'custom',	'other',	'1425',	'Dileep Axis indian oil',	'2',	'',	0,	0,	'user.jpg',	0,	'',	1,	'2023-10-10 16:54:01',	'2023-10-10 16:54:01'),
(69,	'Credit',	'self',	'amazon',	'4007',	'Reetu Amazon',	'1',	'',	0,	0,	'user.jpg',	0,	'',	1,	'2023-10-10 19:29:28',	'2023-10-10 19:29:28'),
(70,	'Credit',	'custom',	'amazon',	'3003',	'Santosh icic Amazon',	'1',	'',	0,	0,	'user.jpg',	0,	'',	1,	'2023-10-12 17:19:53',	'2023-10-12 17:19:53'),
(71,	'Credit',	'self',	'other',	'250',	'ASHUTOSH RUPEY',	'4',	NULL,	0,	NULL,	'user.jpg',	0,	'',	1,	'2023-10-12 21:43:22',	'2023-10-22 10:27:38'),
(72,	'Credit',	'custom',	'other',	'9297',	'Danish Ahamad',	'3',	'03/25',	0,	0,	'user.jpg',	0,	'',	0,	'2023-11-05 09:55:50',	'2024-04-13 20:11:53'),
(73,	'Credit',	'custom',	'flipcart',	'4347',	'Danish Ahamad fkt',	'2',	'',	0,	0,	'user.jpg',	0,	'',	0,	'2023-11-25 17:36:58',	'2024-04-13 20:11:43'),
(74,	'Credit',	'self',	'other',	'6676',	'papa hdfc Rupey',	'4',	'07/30',	0,	0,	'user.jpg',	60000,	'',	1,	'2023-12-14 06:06:38',	'2023-12-14 06:06:38'),
(75,	'Debit',	'self',	'other',	'2066',	'Papa hdfc Debit',	'4',	'',	0,	0,	'user.jpg',	0,	'',	1,	'2023-12-14 06:18:33',	'2023-12-14 06:18:33'),
(76,	'Credit',	'self',	'other',	'X009',	'REETU RUPEY',	'1',	'12/30',	0,	0,	'user.jpg',	0,	'',	1,	'2024-01-17 20:48:20',	'2024-01-17 20:48:20'),
(77,	'Credit',	'custom',	'amazon',	'D009',	'Dilip chaurasia amazon ',	'1',	'',	0,	0,	'user.jpg',	0,	'',	1,	'2024-01-18 05:24:43',	'2024-01-18 05:24:43'),
(78,	'Debit',	'custom',	NULL,	'0528',	'Ashutosh SBI Current',	'3',	NULL,	NULL,	NULL,	NULL,	NULL,	'Debit Card',	1,	'2024-03-28 09:03:05',	'2024-03-28 09:03:05');

DROP TABLE IF EXISTS `product_brand_name`;
CREATE TABLE `product_brand_name` (
  `brand_id` int NOT NULL AUTO_INCREMENT,
  `brand_name` varchar(255) CHARACTER SET utf8mb4 COLLATE utf8mb4_unicode_ci NOT NULL,
  `brand_img` varchar(255) CHARACTER SET utf8mb4 COLLATE utf8mb4_unicode_ci DEFAULT NULL,
  `brand_status` int NOT NULL DEFAULT '1',
  `created_at` timestamp NULL DEFAULT CURRENT_TIMESTAMP,
  `updated_at` timestamp NULL DEFAULT CURRENT_TIMESTAMP ON UPDATE CURRENT_TIMESTAMP,
  PRIMARY KEY (`brand_id`)
) ENGINE=InnoDB DEFAULT CHARSET=utf8mb4 COLLATE=utf8mb4_unicode_ci;

INSERT INTO `product_brand_name` (`brand_id`, `brand_name`, `brand_img`, `brand_status`, `created_at`, `updated_at`) VALUES
(1,	'Realme',	'Reaalme-1024x427.jpg',	1,	'2023-09-17 17:36:54',	'2023-09-17 17:36:54'),
(2,	'OnePlus',	'oneplus-icon-2048x2048-4hadrx88.png',	1,	'2023-09-17 17:38:34',	'2023-10-05 18:57:22'),
(3,	'Vivo',	'Vivo_logo.png',	1,	'2023-09-17 17:39:54',	'2023-09-17 17:39:54'),
(4,	'Xiaomi',	'Xiaomi.png',	1,	'2023-09-17 17:41:23',	'2023-09-17 17:41:23'),
(5,	'infinix',	'infinex64.png',	1,	'2023-09-17 17:42:44',	'2023-10-11 18:03:42'),
(6,	'oppo',	'oppo.png',	0,	'2023-09-17 17:46:50',	'2024-02-20 03:51:33'),
(7,	'samsung',	'samsung_logo.png',	0,	'2023-09-17 17:47:15',	'2024-04-13 19:53:52'),
(8,	'IQOO',	'downloadiquoo.jpeg',	0,	'2023-10-05 15:28:19',	'2024-04-13 19:54:03'),
(9,	'POCO',	'POCO_logo.svg.png',	1,	'2023-10-09 20:05:54',	'2023-10-09 20:05:54'),
(10,	'MOTOROLA',	'download.png',	1,	'2023-11-05 09:32:28',	'2024-03-16 11:26:29'),
(11,	'Iphone',	'iphone.jpg',	1,	'2024-02-14 18:32:06',	'2024-02-14 18:32:06');

DROP TABLE IF EXISTS `product_colors`;
CREATE TABLE `product_colors` (
  `color_id` int NOT NULL AUTO_INCREMENT,
  `color_name` varchar(255) NOT NULL,
  `color_code` varchar(7) NOT NULL,
  PRIMARY KEY (`color_id`)
) ENGINE=InnoDB DEFAULT CHARSET=utf8mb4 COLLATE=utf8mb4_0900_ai_ci;

INSERT INTO `product_colors` (`color_id`, `color_name`, `color_code`) VALUES
(1,	'gold',	'#FFD700'),
(2,	'green',	'#008000'),
(3,	'blue',	'#0000FF'),
(4,	'black',	'#000000');

DROP TABLE IF EXISTS `products`;
CREATE TABLE `products` (
  `product_id` int NOT NULL AUTO_INCREMENT,
  `brand` varchar(255) CHARACTER SET utf8mb4 COLLATE utf8mb4_unicode_ci DEFAULT NULL,
  `model_name` varchar(255) CHARACTER SET utf8mb4 COLLATE utf8mb4_unicode_ci DEFAULT NULL,
  `price` decimal(10,2) DEFAULT NULL,
  `product_image` varchar(255) CHARACTER SET utf8mb4 COLLATE utf8mb4_unicode_ci DEFAULT NULL,
  `comment` text CHARACTER SET utf8mb4 COLLATE utf8mb4_unicode_ci,
  `productstatus` int DEFAULT NULL,
  `created_at` datetime DEFAULT NULL ON UPDATE CURRENT_TIMESTAMP,
  `updated_at` datetime DEFAULT NULL,
  PRIMARY KEY (`product_id`)
) ENGINE=InnoDB DEFAULT CHARSET=utf8mb4 COLLATE=utf8mb4_unicode_ci;

INSERT INTO `products` (`product_id`, `brand`, `model_name`, `price`, `product_image`, `comment`, `productstatus`, `created_at`, `updated_at`) VALUES
(2,	'3',	'Vivo T2 X',	14049.00,	'vivot2x.png',	'',	1,	'2023-10-05 21:28:19',	NULL),
(4,	'2',	'Nord ce 3 light',	20000.00,	'341eed87-8ca8-48cf-8b89-535ed418906323051029.jpg',	'',	1,	'2023-10-05 21:28:26',	NULL),
(5,	'8',	'iQOO Z6 Lite 5G',	12999.00,	'61VbKHdE0rL._SX522_.jpg',	'',	1,	'2023-10-05 21:28:28',	NULL),
(6,	'4',	'Redmi Note 12 5G',	17499.00,	'81MZRUuHJIL._SX679_.jpg',	'6/128 PRICE',	1,	NULL,	NULL),
(7,	'1',	'realme narzo 60X 5G',	14499.00,	'81WimZLWH1L._SX679_.jpg',	'6/128 PRICE',	1,	NULL,	NULL),
(8,	'1',	'realme 11x 5G',	14699.00,	'41cAHj8TlPL._SX300_SY300_QL70_FMwebp_.webp',	'14699 8/12/ || 15240 6128',	0,	'2024-04-13 15:57:36',	NULL),
(9,	'5',	'Infinix HOT 30i',	8499.00,	'-original-imagz3cuzzsyh8ud.webp',	'Price is 8/128',	1,	NULL,	NULL),
(10,	'4',	'Redmi 12 5G',	11499.00,	'41-2m5Oyv5L._SX300_SY300_QL70_FMwebp_.webp',	'4/128 price',	1,	NULL,	NULL),
(11,	'7',	'Samsung Galaxy M34 5G',	16000.00,	'91L9EF-OEGL._SX679_.jpg',	'6/128 price',	0,	'2024-04-13 15:56:40',	NULL),
(12,	'1',	'realme 11 5G',	17000.00,	'-original-imagtqqddnkayg4x.webp',	'8/128',	0,	'2024-04-13 15:56:31',	NULL),
(14,	'5',	'Infinix SMART 7',	6699.00,	'smrt7.webp',	'4/128 price',	0,	'2024-04-13 15:56:18',	NULL),
(15,	'9',	'POCO M6 Pro 5G',	11000.00,	'm6-pro-5g-mzb0eqjin-poco-original-imags3e7dazavyje.webp',	'4/128 price',	1,	NULL,	NULL),
(16,	'7',	'Galaxy M14 5G',	11990.00,	'818VqDSKpCL._SX522_.jpg',	'4/128 priceaasa',	1,	'2023-10-20 20:15:09',	NULL),
(17,	'3',	'T2 Pro',	24000.00,	'vivo72pro.webp',	'8/256',	1,	'2023-11-06 23:31:44',	NULL),
(18,	'8',	'iQOO Neo 7 Pro 5G',	32999.00,	'41LMF7AU30L._SY90_.jpg',	'sadad',	1,	'2023-10-22 13:56:06',	NULL),
(19,	'4',	'Redmi 12 4g',	9300.00,	'-original-imags37hy7uz2usv.webp',	'4/128\r\n',	1,	NULL,	NULL),
(20,	'10',	'MOTOROLA g54 5G',	14000.00,	'-original-imagt5ugyaxgqugq.webp',	'8/128',	1,	NULL,	NULL),
(21,	'4',	'Redmi Note 11T 5G',	12999.00,	'41iec5VPMlL._SX300_SY300_QL70_FMwebp_.webp',	'6/128',	1,	NULL,	NULL),
(22,	'10',	'MOTOROLA g14',	8499.00,	'-original-imagsmshun6anugu.webp',	'',	1,	NULL,	NULL),
(23,	'1',	'realme narzo 60 5G ',	15000.00,	'41snmTn9mrL._SX300_SY300_QL70_FMwebp_.webp',	'8/128 price\r\n',	1,	NULL,	NULL),
(24,	'3',	'vivo T2 5G',	17999.00,	'963edad0-9f38-4d3c-9bcc-1293cc6b48ad23180605.jpg',	'6/128',	1,	NULL,	NULL),
(25,	'4',	'Redmi 12C',	6799.00,	'81YEyQqHjPL._SX679_.jpg',	'4/64',	1,	'2023-11-15 11:25:45',	NULL),
(26,	'4',	'Redmi 13C',	8999.00,	'redmi13c.jpg',	'4/128',	1,	NULL,	NULL),
(27,	'4',	'Redmi 13c 5G',	11000.00,	'1000163628.jpg',	'4/128',	1,	NULL,	NULL),
(28,	'5',	'Infinix SMART 8 HD',	6400.00,	'-original-imagwfffndz6tfhk.webp',	'',	1,	NULL,	NULL),
(29,	'5',	'Infinix SMART 8',	7099.00,	'-original-imagxsc4ufzm64uz.webp',	'',	1,	NULL,	NULL),
(30,	'9',	'POCO C65',	7499.00,	'c65-mzb0g8nin-poco-original-imagw6j2kp5t5jek.webp',	'4/128',	1,	NULL,	NULL),
(31,	'9',	'POCO C55',	6999.00,	'-original-imagnfzyhh8gz8sd.webp',	'6/128',	1,	NULL,	NULL),
(32,	'11',	'Apple iPhone 15 (Blue, 128 GB)',	66000.00,	'-original-imagtc5fz9spysyk.webp',	'',	1,	NULL,	NULL),
(33,	'1',	'Realme c 67',	11000.00,	'Screenshot_20240215_011221_Chrome.jpg',	'',	1,	NULL,	NULL),
(34,	'10',	'MOTOROLA g24 Power',	8000.00,	'asd.webp',	'',	1,	'2024-03-16 07:29:54',	NULL),
(36,	'10',	'Motorola G34 5G ',	11999.00,	'g34-5g-pb1v0002in-motorola-original-imagwu4rayqhgfjh.webp',	'',	1,	NULL,	NULL),
(37,	'3',	'T3 5G',	19999.00,	'vivot3.webp',	'8/128',	1,	NULL,	NULL),
(38,	'10',	'Motorola g64 5G',	16000.00,	'moto-g64-5G-1024x789.jpg',	'',	1,	NULL,	NULL),
(39,	'3',	'T3x 5G',	15000.00,	'1d7088825285b6052a6220d99cd658f2.png.webp',	'',	1,	NULL,	NULL),
(40,	'1',	'realme C65 5G',	12500.00,	'17141271786043a47299638eb4360aa24146d5f78f413.jpg.webp',	'',	1,	NULL,	NULL);

DROP TABLE IF EXISTS `service_charge`;
CREATE TABLE `service_charge` (
  `service_charge_id` int NOT NULL AUTO_INCREMENT,
  `service_charge_name` varchar(255) CHARACTER SET utf8mb4 COLLATE utf8mb4_unicode_ci NOT NULL,
  `service_charge_amount` int NOT NULL,
  PRIMARY KEY (`service_charge_id`)
) ENGINE=InnoDB DEFAULT CHARSET=utf8mb4 COLLATE=utf8mb4_unicode_ci;

INSERT INTO `service_charge` (`service_charge_id`, `service_charge_name`, `service_charge_amount`) VALUES
(1,	'Service Charge',	350);

DROP TABLE IF EXISTS `store`;
CREATE TABLE `store` (
  `store_id` int NOT NULL AUTO_INCREMENT,
  `store_name` varchar(255) CHARACTER SET utf8mb4 COLLATE utf8mb4_unicode_ci NOT NULL,
  `store_img` varchar(255) CHARACTER SET utf8mb4 COLLATE utf8mb4_unicode_ci DEFAULT NULL,
  `store_status` int DEFAULT NULL,
  PRIMARY KEY (`store_id`)
) ENGINE=InnoDB DEFAULT CHARSET=utf8mb4 COLLATE=utf8mb4_unicode_ci;

INSERT INTO `store` (`store_id`, `store_name`, `store_img`, `store_status`) VALUES
(1,	'Flipcart Store',	'Flipkart.png',	1),
(2,	'Amazon Store',	'Amazon.png',	1),
(3,	'Mi Store',	'mi.png',	1),
(4,	'Realme Store',	'Realme.png',	1),
(5,	'Vivo Store',	'Vivo.png',	1),
(6,	'OnePlus Store',	'onpluso.png',	0),
(10,	'samsung store',	'samsung_logo.png',	0),
(11,	'Jio Mart',	'logo.220b3f2b2b36c60c6e66fe632c34b799.svg',	1);

DROP TABLE IF EXISTS `users`;
CREATE TABLE `users` (
  `id` int NOT NULL AUTO_INCREMENT,
  `username` varchar(255) CHARACTER SET utf8mb4 COLLATE utf8mb4_unicode_ci NOT NULL,
  `email` varchar(255) CHARACTER SET utf8mb4 COLLATE utf8mb4_unicode_ci NOT NULL,
  `password` varchar(255) CHARACTER SET utf8mb4 COLLATE utf8mb4_unicode_ci NOT NULL,
  `is_active` tinyint(1) NOT NULL DEFAULT '1',
  `role` enum('user','admin') CHARACTER SET utf8mb4 COLLATE utf8mb4_unicode_ci NOT NULL DEFAULT 'user',
  `created_at` timestamp NULL DEFAULT CURRENT_TIMESTAMP,
  `updated_at` timestamp NULL DEFAULT CURRENT_TIMESTAMP ON UPDATE CURRENT_TIMESTAMP,
  `last_login_at` timestamp NULL DEFAULT NULL,
  `last_login_ip` varchar(45) CHARACTER SET utf8mb4 COLLATE utf8mb4_unicode_ci DEFAULT NULL,
  PRIMARY KEY (`id`),
  UNIQUE KEY `username` (`username`,`email`)
) ENGINE=InnoDB DEFAULT CHARSET=utf8mb4 COLLATE=utf8mb4_unicode_ci;

INSERT INTO `users` (`id`, `username`, `email`, `password`, `is_active`, `role`, `created_at`, `updated_at`, `last_login_at`, `last_login_ip`) VALUES
(1,	'admin',	'admin@gmail.com',	'00000',	1,	'admin',	'2023-10-31 14:29:43',	'2024-05-28 13:40:14',	'2024-05-28 13:40:14',	'::1');

DROP TABLE IF EXISTS `vendor`;
CREATE TABLE `vendor` (
  `vendor_id` int NOT NULL AUTO_INCREMENT,
  `vendor_name` varchar(255) CHARACTER SET utf8mb4 COLLATE utf8mb4_unicode_ci NOT NULL,
  `vendor_image` varchar(255) CHARACTER SET utf8mb4 COLLATE utf8mb4_unicode_ci DEFAULT NULL,
  `vendor_status` int DEFAULT '1',
  `created_at` timestamp NULL DEFAULT CURRENT_TIMESTAMP,
  `updated_at` timestamp NULL DEFAULT CURRENT_TIMESTAMP ON UPDATE CURRENT_TIMESTAMP,
  PRIMARY KEY (`vendor_id`)
) ENGINE=InnoDB DEFAULT CHARSET=utf8mb4 COLLATE=utf8mb4_unicode_ci;

INSERT INTO `vendor` (`vendor_id`, `vendor_name`, `vendor_image`, `vendor_status`, `created_at`, `updated_at`) VALUES
(1,	'Atul SBI',	'atul.png',	1,	'2024-04-16 06:32:51',	'2024-04-18 20:49:47'),
(2,	'Guru Mobile',	'viswa.png',	1,	'2024-04-16 06:41:58',	'2024-04-16 06:41:58'),
(3,	'Atul  LIC ',	'gappu.png',	1,	'2024-04-16 06:42:45',	'2024-04-18 20:49:40');

-- 2024-07-15 12:57:43
